ANNOTATOR VERSION: 2, BUILD: 6
Received arguments: gson, advanced
Running gson benchmark in advanced mode.
Resolve remaining errors mode: ADVANCED
Configuring logging for benchmark: gson, branch: nimak/agentic-advanced-2
Root path for logs: /home/vscode/Desktop/logs/gson/agentic-advanced-2
Running on branch name: nimak/agentic-advanced-2
Starting annotator...
Could not find class of type: Top-Level with name:  on Cursor:
/*
 * Copyright (C) 2008 Google Inc.
 *
 * Licensed under the Apache License, Version 2.0 (the "License");
 * you may not use this file except in compliance with the License.
 * You may obtain a copy of the License at
 *
 * http://www.apache.org/licenses/LICENSE-2.0
 *
 * Unless required by applicable law or agreed to in writing, software
 * distributed under the License is distributed on an "AS IS" BASIS,
 * WITHOUT WARRANTIES OR CONDITIONS OF ANY KIND, either express or implied.
 * See the License for the specific language governing permissions and
 * limitations under the License.
 */
package com.google.gson.internal;

/**
 * A simple utility class used to check method Preconditions.
 *
 * <pre>
 * public long divideBy(long value) {
 *   Preconditions.checkArgument(value != 0);
 *   return this.value / value;
 * }
 * </pre>
 *
 * @author Inderjeet Singh
 * @author Joel Leitch
 */
public final class $Gson$Preconditions {

    private $Gson$Preconditions() {
        throw new UnsupportedOperationException();
    }

    public static <T> T checkNotNull(T obj) {
        if (obj == null) {
            throw new NullPointerException();
        }
        return obj;
    }

    public static void checkArgument(boolean condition) {
        if (!condition) {
            throw new IllegalArgumentException();
        }
    }
}

If the class is in generated code or otherwise not present in the source, this is expected and this message can be safely ignored. If you do see the class on the source code, please report this bug at: https://github.com/nimakarimipour/NullAwayAnnotator/issues. Thank you!
Could not find class of type: Top-Level with name:  on Cursor:
/**
 * Copyright (C) 2008 Google Inc.
 *
 * <p>Licensed under the Apache License, Version 2.0 (the "License"); you may not use this file
 * except in compliance with the License. You may obtain a copy of the License at
 *
 * <p>http://www.apache.org/licenses/LICENSE-2.0
 *
 * <p>Unless required by applicable law or agreed to in writing, software distributed under the
 * License is distributed on an "AS IS" BASIS, WITHOUT WARRANTIES OR CONDITIONS OF ANY KIND, either
 * express or implied. See the License for the specific language governing permissions and
 * limitations under the License.
 */
package com.google.gson.internal;

import static com.google.gson.internal.$Gson$Preconditions.checkArgument;
import static com.google.gson.internal.$Gson$Preconditions.checkNotNull;
import java.io.Serializable;
import java.lang.reflect.Array;
import java.lang.reflect.GenericArrayType;
import java.lang.reflect.GenericDeclaration;
import java.lang.reflect.Modifier;
import java.lang.reflect.ParameterizedType;
import java.lang.reflect.Type;
import java.lang.reflect.TypeVariable;
import java.lang.reflect.WildcardType;
import java.util.*;

/**
 * Static methods for working with types.
 *
 * @author Bob Lee
 * @author Jesse Wilson
 */
public final class $Gson$Types {

    static final Type[] EMPTY_TYPE_ARRAY = new Type[] {};

    private $Gson$Types() {
        throw new UnsupportedOperationException();
    }

    /**
     * Returns a new parameterized type, applying {@code typeArguments} to {@code rawType} and
     * enclosed by {@code ownerType}.
     *
     * @return a {@link java.io.Serializable serializable} parameterized type.
     */
    public static ParameterizedType newParameterizedTypeWithOwner(Type ownerType, Type rawType, Type... typeArguments) {
        return new ParameterizedTypeImpl(ownerType, rawType, typeArguments);
    }

    /**
     * Returns an array type whose elements are all instances of {@code componentType}.
     *
     * @return a {@link java.io.Serializable serializable} generic array type.
     */
    public static GenericArrayType arrayOf(Type componentType) {
        return new GenericArrayTypeImpl(componentType);
    }

    /**
     * Returns a type that represents an unknown type that extends {@code bound}. For example, if
     * {@code bound} is {@code CharSequence.class}, this returns {@code ? extends CharSequence}. If
     * {@code bound} is {@code Object.class}, this returns {@code ?}, which is shorthand for {@code ?
     * extends Object}.
     */
    public static WildcardType subtypeOf(Type bound) {
        Type[] upperBounds;
        if (bound instanceof WildcardType) {
            upperBounds = ((WildcardType) bound).getUpperBounds();
        } else {
            upperBounds = new Type[] { bound };
        }
        return new WildcardTypeImpl(upperBounds, EMPTY_TYPE_ARRAY);
    }

    /**
     * Returns a type that represents an unknown supertype of {@code bound}. For example, if {@code
     * bound} is {@code String.class}, this returns {@code ? super String}.
     */
    public static WildcardType supertypeOf(Type bound) {
        Type[] lowerBounds;
        if (bound instanceof WildcardType) {
            lowerBounds = ((WildcardType) bound).getLowerBounds();
        } else {
            lowerBounds = new Type[] { bound };
        }
        return new WildcardTypeImpl(new Type[] { Object.class }, lowerBounds);
    }

    /**
     * Returns a type that is functionally equal but not necessarily equal according to {@link
     * Object#equals(Object) Object.equals()}. The returned type is {@link java.io.Serializable}.
     */
    public static Type canonicalize(Type type) {
        if (type instanceof Class) {
            Class<?> c = (Class<?>) type;
            return c.isArray() ? new GenericArrayTypeImpl(canonicalize(c.getComponentType())) : c;
        } else if (type instanceof ParameterizedType) {
            ParameterizedType p = (ParameterizedType) type;
            return new ParameterizedTypeImpl(p.getOwnerType(), p.getRawType(), p.getActualTypeArguments());
        } else if (type instanceof GenericArrayType) {
            GenericArrayType g = (GenericArrayType) type;
            return new GenericArrayTypeImpl(g.getGenericComponentType());
        } else if (type instanceof WildcardType) {
            WildcardType w = (WildcardType) type;
            return new WildcardTypeImpl(w.getUpperBounds(), w.getLowerBounds());
        } else {
            // type is either serializable as-is or unsupported
            return type;
        }
    }

    public static Class<?> getRawType(Type type) {
        if (type instanceof Class<?>) {
            // type is a normal class.
            return (Class<?>) type;
        } else if (type instanceof ParameterizedType) {
            ParameterizedType parameterizedType = (ParameterizedType) type;
            // I'm not exactly sure why getRawType() returns Type instead of Class.
            // Neal isn't either but suspects some pathological case related
            // to nested classes exists.
            Type rawType = parameterizedType.getRawType();
            checkArgument(rawType instanceof Class);
            return (Class<?>) rawType;
        } else if (type instanceof GenericArrayType) {
            Type componentType = ((GenericArrayType) type).getGenericComponentType();
            return Array.newInstance(getRawType(componentType), 0).getClass();
        } else if (type instanceof TypeVariable) {
            // we could use the variable's bounds, but that won't work if there are multiple.
            // having a raw type that's more general than necessary is okay
            return Object.class;
        } else if (type instanceof WildcardType) {
            return getRawType(((WildcardType) type).getUpperBounds()[0]);
        } else {
            String className = type == null ? "null" : type.getClass().getName();
            throw new IllegalArgumentException("Expected a Class, ParameterizedType, or " + "GenericArrayType, but <" + type + "> is of type " + className);
        }
    }

    static boolean equal(Object a, Object b) {
        return a == b || (a != null && a.equals(b));
    }

    /**
     * Returns true if {@code a} and {@code b} are equal.
     */
    public static boolean equals(Type a, Type b) {
        if (a == b) {
            // also handles (a == null && b == null)
            return true;
        } else if (a instanceof Class) {
            // Class already specifies equals().
            return a.equals(b);
        } else if (a instanceof ParameterizedType) {
            if (!(b instanceof ParameterizedType)) {
                return false;
            }
            // TODO: save a .clone() call
            ParameterizedType pa = (ParameterizedType) a;
            ParameterizedType pb = (ParameterizedType) b;
            return equal(pa.getOwnerType(), pb.getOwnerType()) && pa.getRawType().equals(pb.getRawType()) && Arrays.equals(pa.getActualTypeArguments(), pb.getActualTypeArguments());
        } else if (a instanceof GenericArrayType) {
            if (!(b instanceof GenericArrayType)) {
                return false;
            }
            GenericArrayType ga = (GenericArrayType) a;
            GenericArrayType gb = (GenericArrayType) b;
            return equals(ga.getGenericComponentType(), gb.getGenericComponentType());
        } else if (a instanceof WildcardType) {
            if (!(b instanceof WildcardType)) {
                return false;
            }
            WildcardType wa = (WildcardType) a;
            WildcardType wb = (WildcardType) b;
            return Arrays.equals(wa.getUpperBounds(), wb.getUpperBounds()) && Arrays.equals(wa.getLowerBounds(), wb.getLowerBounds());
        } else if (a instanceof TypeVariable) {
            if (!(b instanceof TypeVariable)) {
                return false;
            }
            TypeVariable<?> va = (TypeVariable<?>) a;
            TypeVariable<?> vb = (TypeVariable<?>) b;
            return va.getGenericDeclaration() == vb.getGenericDeclaration() && va.getName().equals(vb.getName());
        } else {
            // This isn't a type we support. Could be a generic array type, wildcard type, etc.
            return false;
        }
    }

    static int hashCodeOrZero(Object o) {
        return o != null ? o.hashCode() : 0;
    }

    public static String typeToString(Type type) {
        return type instanceof Class ? ((Class<?>) type).getName() : type.toString();
    }

    /**
     * Returns the generic supertype for {@code supertype}. For example, given a class {@code
     * IntegerSet}, the result for when supertype is {@code Set.class} is {@code Set<Integer>} and the
     * result when the supertype is {@code Collection.class} is {@code Collection<Integer>}.
     */
    static Type getGenericSupertype(Type context, Class<?> rawType, Class<?> toResolve) {
        if (toResolve == rawType) {
            return context;
        }
        // we skip searching through interfaces if unknown is an interface
        if (toResolve.isInterface()) {
            Class<?>[] interfaces = rawType.getInterfaces();
            for (int i = 0, length = interfaces.length; i < length; i++) {
                if (interfaces[i] == toResolve) {
                    return rawType.getGenericInterfaces()[i];
                } else if (toResolve.isAssignableFrom(interfaces[i])) {
                    return getGenericSupertype(rawType.getGenericInterfaces()[i], interfaces[i], toResolve);
                }
            }
        }
        // check our supertypes
        if (!rawType.isInterface()) {
            while (rawType != Object.class) {
                Class<?> rawSupertype = rawType.getSuperclass();
                if (rawSupertype == toResolve) {
                    return rawType.getGenericSuperclass();
                } else if (toResolve.isAssignableFrom(rawSupertype)) {
                    return getGenericSupertype(rawType.getGenericSuperclass(), rawSupertype, toResolve);
                }
                rawType = rawSupertype;
            }
        }
        // we can't resolve this further
        return toResolve;
    }

    /**
     * Returns the generic form of {@code supertype}. For example, if this is {@code
     * ArrayList<String>}, this returns {@code Iterable<String>} given the input {@code
     * Iterable.class}.
     *
     * @param supertype a superclass of, or interface implemented by, this.
     */
    static Type getSupertype(Type context, Class<?> contextRawType, Class<?> supertype) {
        if (context instanceof WildcardType) {
            // wildcards are useless for resolving supertypes. As the upper bound has the same raw type,
            // use it instead
            context = ((WildcardType) context).getUpperBounds()[0];
        }
        checkArgument(supertype.isAssignableFrom(contextRawType));
        return resolve(context, contextRawType, $Gson$Types.getGenericSupertype(context, contextRawType, supertype));
    }

    /**
     * Returns the component type of this array type.
     *
     * @throws ClassCastException if this type is not an array.
     */
    public static Type getArrayComponentType(Type array) {
        return array instanceof GenericArrayType ? ((GenericArrayType) array).getGenericComponentType() : ((Class<?>) array).getComponentType();
    }

    /**
     * Returns the element type of this collection type.
     *
     * @throws IllegalArgumentException if this type is not a collection.
     */
    public static Type getCollectionElementType(Type context, Class<?> contextRawType) {
        Type collectionType = getSupertype(context, contextRawType, Collection.class);
        if (collectionType instanceof WildcardType) {
            collectionType = ((WildcardType) collectionType).getUpperBounds()[0];
        }
        if (collectionType instanceof ParameterizedType) {
            return ((ParameterizedType) collectionType).getActualTypeArguments()[0];
        }
        return Object.class;
    }

    /**
     * Returns a two element array containing this map's key and value types in positions 0 and 1
     * respectively.
     */
    public static Type[] getMapKeyAndValueTypes(Type context, Class<?> contextRawType) {
        /*
     * Work around a problem with the declaration of java.util.Properties. That
     * class should extend Hashtable<String, String>, but it's declared to
     * extend Hashtable<Object, Object>.
     */
        if (context == Properties.class) {
            // TODO: test subclasses of Properties!
            return new Type[] { String.class, String.class };
        }
        Type mapType = getSupertype(context, contextRawType, Map.class);
        // TODO: strip wildcards?
        if (mapType instanceof ParameterizedType) {
            ParameterizedType mapParameterizedType = (ParameterizedType) mapType;
            return mapParameterizedType.getActualTypeArguments();
        }
        return new Type[] { Object.class, Object.class };
    }

    public static Type resolve(Type context, Class<?> contextRawType, Type toResolve) {
        return resolve(context, contextRawType, toResolve, new HashSet<TypeVariable>());
    }

    private static Type resolve(Type context, Class<?> contextRawType, Type toResolve, Collection<TypeVariable> visitedTypeVariables) {
        // this implementation is made a little more complicated in an attempt to avoid object-creation
        while (true) {
            if (toResolve instanceof TypeVariable) {
                TypeVariable<?> typeVariable = (TypeVariable<?>) toResolve;
                if (visitedTypeVariables.contains(typeVariable)) {
                    // cannot reduce due to infinite recursion
                    return toResolve;
                } else {
                    visitedTypeVariables.add(typeVariable);
                }
                toResolve = resolveTypeVariable(context, contextRawType, typeVariable);
                if (toResolve == typeVariable) {
                    return toResolve;
                }
            } else if (toResolve instanceof Class && ((Class<?>) toResolve).isArray()) {
                Class<?> original = (Class<?>) toResolve;
                Type componentType = original.getComponentType();
                Type newComponentType = resolve(context, contextRawType, componentType, visitedTypeVariables);
                return componentType == newComponentType ? original : arrayOf(newComponentType);
            } else if (toResolve instanceof GenericArrayType) {
                GenericArrayType original = (GenericArrayType) toResolve;
                Type componentType = original.getGenericComponentType();
                Type newComponentType = resolve(context, contextRawType, componentType, visitedTypeVariables);
                return componentType == newComponentType ? original : arrayOf(newComponentType);
            } else if (toResolve instanceof ParameterizedType) {
                ParameterizedType original = (ParameterizedType) toResolve;
                Type ownerType = original.getOwnerType();
                Type newOwnerType = resolve(context, contextRawType, ownerType, visitedTypeVariables);
                boolean changed = newOwnerType != ownerType;
                Type[] args = original.getActualTypeArguments();
                for (int t = 0, length = args.length; t < length; t++) {
                    Type resolvedTypeArgument = resolve(context, contextRawType, args[t], visitedTypeVariables);
                    if (resolvedTypeArgument != args[t]) {
                        if (!changed) {
                            args = args.clone();
                            changed = true;
                        }
                        args[t] = resolvedTypeArgument;
                    }
                }
                return changed ? newParameterizedTypeWithOwner(newOwnerType, original.getRawType(), args) : original;
            } else if (toResolve instanceof WildcardType) {
                WildcardType original = (WildcardType) toResolve;
                Type[] originalLowerBound = original.getLowerBounds();
                Type[] originalUpperBound = original.getUpperBounds();
                if (originalLowerBound.length == 1) {
                    Type lowerBound = resolve(context, contextRawType, originalLowerBound[0], visitedTypeVariables);
                    if (lowerBound != originalLowerBound[0]) {
                        return supertypeOf(lowerBound);
                    }
                } else if (originalUpperBound.length == 1) {
                    Type upperBound = resolve(context, contextRawType, originalUpperBound[0], visitedTypeVariables);
                    if (upperBound != originalUpperBound[0]) {
                        return subtypeOf(upperBound);
                    }
                }
                return original;
            } else {
                return toResolve;
            }
        }
    }

    static Type resolveTypeVariable(Type context, Class<?> contextRawType, TypeVariable<?> unknown) {
        Class<?> declaredByRaw = declaringClassOf(unknown);
        // we can't reduce this further
        if (declaredByRaw == null) {
            return unknown;
        }
        Type declaredBy = getGenericSupertype(context, contextRawType, declaredByRaw);
        if (declaredBy instanceof ParameterizedType) {
            int index = indexOf(declaredByRaw.getTypeParameters(), unknown);
            return ((ParameterizedType) declaredBy).getActualTypeArguments()[index];
        }
        return unknown;
    }

    private static int indexOf(Object[] array, Object toFind) {
        for (int i = 0, length = array.length; i < length; i++) {
            if (toFind.equals(array[i])) {
                return i;
            }
        }
        throw new NoSuchElementException();
    }

    /**
     * Returns the declaring class of {@code typeVariable}, or {@code null} if it was not declared by
     * a class.
     */
    private static Class<?> declaringClassOf(TypeVariable<?> typeVariable) {
        GenericDeclaration genericDeclaration = typeVariable.getGenericDeclaration();
        return genericDeclaration instanceof Class ? (Class<?>) genericDeclaration : null;
    }

    static void checkNotPrimitive(Type type) {
        checkArgument(!(type instanceof Class<?>) || !((Class<?>) type).isPrimitive());
    }

    private static final class ParameterizedTypeImpl implements ParameterizedType, Serializable {

        private final Type ownerType;

        private final Type rawType;

        private final Type[] typeArguments;

        public ParameterizedTypeImpl(Type ownerType, Type rawType, Type... typeArguments) {
            // require an owner type if the raw type needs it
            if (rawType instanceof Class<?>) {
                Class<?> rawTypeAsClass = (Class<?>) rawType;
                boolean isStaticOrTopLevelClass = Modifier.isStatic(rawTypeAsClass.getModifiers()) || rawTypeAsClass.getEnclosingClass() == null;
                checkArgument(ownerType != null || isStaticOrTopLevelClass);
            }
            this.ownerType = ownerType == null ? null : canonicalize(ownerType);
            this.rawType = canonicalize(rawType);
            this.typeArguments = typeArguments.clone();
            for (int t = 0, length = this.typeArguments.length; t < length; t++) {
                checkNotNull(this.typeArguments[t]);
                checkNotPrimitive(this.typeArguments[t]);
                this.typeArguments[t] = canonicalize(this.typeArguments[t]);
            }
        }

        public Type[] getActualTypeArguments() {
            return typeArguments.clone();
        }

        public Type getRawType() {
            return rawType;
        }

        public Type getOwnerType() {
            return ownerType;
        }

        @Override
        public boolean equals(Object other) {
            return other instanceof ParameterizedType && $Gson$Types.equals(this, (ParameterizedType) other);
        }

        @Override
        public int hashCode() {
            return Arrays.hashCode(typeArguments) ^ rawType.hashCode() ^ hashCodeOrZero(ownerType);
        }

        @Override
        public String toString() {
            int length = typeArguments.length;
            if (length == 0) {
                return typeToString(rawType);
            }
            StringBuilder stringBuilder = new StringBuilder(30 * (length + 1));
            stringBuilder.append(typeToString(rawType)).append("<").append(typeToString(typeArguments[0]));
            for (int i = 1; i < length; i++) {
                stringBuilder.append(", ").append(typeToString(typeArguments[i]));
            }
            return stringBuilder.append(">").toString();
        }

        private static final long serialVersionUID = 0;
    }

    private static final class GenericArrayTypeImpl implements GenericArrayType, Serializable {

        private final Type componentType;

        public GenericArrayTypeImpl(Type componentType) {
            this.componentType = canonicalize(componentType);
        }

        public Type getGenericComponentType() {
            return componentType;
        }

        @Override
        public boolean equals(Object o) {
            return o instanceof GenericArrayType && $Gson$Types.equals(this, (GenericArrayType) o);
        }

        @Override
        public int hashCode() {
            return componentType.hashCode();
        }

        @Override
        public String toString() {
            return typeToString(componentType) + "[]";
        }

        private static final long serialVersionUID = 0;
    }

    /**
     * The WildcardType interface supports multiple upper bounds and multiple lower bounds. We only
     * support what the Java 6 language needs - at most one bound. If a lower bound is set, the upper
     * bound must be Object.class.
     */
    private static final class WildcardTypeImpl implements WildcardType, Serializable {

        private final Type upperBound;

        private final Type lowerBound;

        public WildcardTypeImpl(Type[] upperBounds, Type[] lowerBounds) {
            checkArgument(lowerBounds.length <= 1);
            checkArgument(upperBounds.length == 1);
            if (lowerBounds.length == 1) {
                checkNotNull(lowerBounds[0]);
                checkNotPrimitive(lowerBounds[0]);
                checkArgument(upperBounds[0] == Object.class);
                this.lowerBound = canonicalize(lowerBounds[0]);
                this.upperBound = Object.class;
            } else {
                checkNotNull(upperBounds[0]);
                checkNotPrimitive(upperBounds[0]);
                this.lowerBound = null;
                this.upperBound = canonicalize(upperBounds[0]);
            }
        }

        public Type[] getUpperBounds() {
            return new Type[] { upperBound };
        }

        public Type[] getLowerBounds() {
            return lowerBound != null ? new Type[] { lowerBound } : EMPTY_TYPE_ARRAY;
        }

        @Override
        public boolean equals(Object other) {
            return other instanceof WildcardType && $Gson$Types.equals(this, (WildcardType) other);
        }

        @Override
        public int hashCode() {
            // this equals Arrays.hashCode(getLowerBounds()) ^ Arrays.hashCode(getUpperBounds());
            return (lowerBound != null ? 31 + lowerBound.hashCode() : 1) ^ (31 + upperBound.hashCode());
        }

        @Override
        public String toString() {
            if (lowerBound != null) {
                return "? super " + typeToString(lowerBound);
            } else if (upperBound == Object.class) {
                return "?";
            } else {
                return "? extends " + typeToString(upperBound);
            }
        }

        private static final long serialVersionUID = 0;
    }
}

If the class is in generated code or otherwise not present in the source, this is expected and this message can be safely ignored. If you do see the class on the source code, please report this bug at: https://github.com/nimakarimipour/NullAwayAnnotator/issues. Thank you!
Could not find class of type: Top-Level with name:  on Cursor:
/**
 * Copyright (C) 2008 Google Inc.
 *
 * <p>Licensed under the Apache License, Version 2.0 (the "License"); you may not use this file
 * except in compliance with the License. You may obtain a copy of the License at
 *
 * <p>http://www.apache.org/licenses/LICENSE-2.0
 *
 * <p>Unless required by applicable law or agreed to in writing, software distributed under the
 * License is distributed on an "AS IS" BASIS, WITHOUT WARRANTIES OR CONDITIONS OF ANY KIND, either
 * express or implied. See the License for the specific language governing permissions and
 * limitations under the License.
 */
package com.google.gson.internal;

import static com.google.gson.internal.$Gson$Preconditions.checkArgument;
import static com.google.gson.internal.$Gson$Preconditions.checkNotNull;
import java.io.Serializable;
import java.lang.reflect.Array;
import java.lang.reflect.GenericArrayType;
import java.lang.reflect.GenericDeclaration;
import java.lang.reflect.Modifier;
import java.lang.reflect.ParameterizedType;
import java.lang.reflect.Type;
import java.lang.reflect.TypeVariable;
import java.lang.reflect.WildcardType;
import java.util.*;

/**
 * Static methods for working with types.
 *
 * @author Bob Lee
 * @author Jesse Wilson
 */
public final class $Gson$Types {

    static final Type[] EMPTY_TYPE_ARRAY = new Type[] {};

    private $Gson$Types() {
        throw new UnsupportedOperationException();
    }

    /**
     * Returns a new parameterized type, applying {@code typeArguments} to {@code rawType} and
     * enclosed by {@code ownerType}.
     *
     * @return a {@link java.io.Serializable serializable} parameterized type.
     */
    public static ParameterizedType newParameterizedTypeWithOwner(Type ownerType, Type rawType, Type... typeArguments) {
        return new ParameterizedTypeImpl(ownerType, rawType, typeArguments);
    }

    /**
     * Returns an array type whose elements are all instances of {@code componentType}.
     *
     * @return a {@link java.io.Serializable serializable} generic array type.
     */
    public static GenericArrayType arrayOf(Type componentType) {
        return new GenericArrayTypeImpl(componentType);
    }

    /**
     * Returns a type that represents an unknown type that extends {@code bound}. For example, if
     * {@code bound} is {@code CharSequence.class}, this returns {@code ? extends CharSequence}. If
     * {@code bound} is {@code Object.class}, this returns {@code ?}, which is shorthand for {@code ?
     * extends Object}.
     */
    public static WildcardType subtypeOf(Type bound) {
        Type[] upperBounds;
        if (bound instanceof WildcardType) {
            upperBounds = ((WildcardType) bound).getUpperBounds();
        } else {
            upperBounds = new Type[] { bound };
        }
        return new WildcardTypeImpl(upperBounds, EMPTY_TYPE_ARRAY);
    }

    /**
     * Returns a type that represents an unknown supertype of {@code bound}. For example, if {@code
     * bound} is {@code String.class}, this returns {@code ? super String}.
     */
    public static WildcardType supertypeOf(Type bound) {
        Type[] lowerBounds;
        if (bound instanceof WildcardType) {
            lowerBounds = ((WildcardType) bound).getLowerBounds();
        } else {
            lowerBounds = new Type[] { bound };
        }
        return new WildcardTypeImpl(new Type[] { Object.class }, lowerBounds);
    }

    /**
     * Returns a type that is functionally equal but not necessarily equal according to {@link
     * Object#equals(Object) Object.equals()}. The returned type is {@link java.io.Serializable}.
     */
    public static Type canonicalize(Type type) {
        if (type instanceof Class) {
            Class<?> c = (Class<?>) type;
            return c.isArray() ? new GenericArrayTypeImpl(canonicalize(c.getComponentType())) : c;
        } else if (type instanceof ParameterizedType) {
            ParameterizedType p = (ParameterizedType) type;
            return new ParameterizedTypeImpl(p.getOwnerType(), p.getRawType(), p.getActualTypeArguments());
        } else if (type instanceof GenericArrayType) {
            GenericArrayType g = (GenericArrayType) type;
            return new GenericArrayTypeImpl(g.getGenericComponentType());
        } else if (type instanceof WildcardType) {
            WildcardType w = (WildcardType) type;
            return new WildcardTypeImpl(w.getUpperBounds(), w.getLowerBounds());
        } else {
            // type is either serializable as-is or unsupported
            return type;
        }
    }

    public static Class<?> getRawType(Type type) {
        if (type instanceof Class<?>) {
            // type is a normal class.
            return (Class<?>) type;
        } else if (type instanceof ParameterizedType) {
            ParameterizedType parameterizedType = (ParameterizedType) type;
            // I'm not exactly sure why getRawType() returns Type instead of Class.
            // Neal isn't either but suspects some pathological case related
            // to nested classes exists.
            Type rawType = parameterizedType.getRawType();
            checkArgument(rawType instanceof Class);
            return (Class<?>) rawType;
        } else if (type instanceof GenericArrayType) {
            Type componentType = ((GenericArrayType) type).getGenericComponentType();
            return Array.newInstance(getRawType(componentType), 0).getClass();
        } else if (type instanceof TypeVariable) {
            // we could use the variable's bounds, but that won't work if there are multiple.
            // having a raw type that's more general than necessary is okay
            return Object.class;
        } else if (type instanceof WildcardType) {
            return getRawType(((WildcardType) type).getUpperBounds()[0]);
        } else {
            String className = type == null ? "null" : type.getClass().getName();
            throw new IllegalArgumentException("Expected a Class, ParameterizedType, or " + "GenericArrayType, but <" + type + "> is of type " + className);
        }
    }

    static boolean equal(Object a, Object b) {
        return a == b || (a != null && a.equals(b));
    }

    /**
     * Returns true if {@code a} and {@code b} are equal.
     */
    public static boolean equals(Type a, Type b) {
        if (a == b) {
            // also handles (a == null && b == null)
            return true;
        } else if (a instanceof Class) {
            // Class already specifies equals().
            return a.equals(b);
        } else if (a instanceof ParameterizedType) {
            if (!(b instanceof ParameterizedType)) {
                return false;
            }
            // TODO: save a .clone() call
            ParameterizedType pa = (ParameterizedType) a;
            ParameterizedType pb = (ParameterizedType) b;
            return equal(pa.getOwnerType(), pb.getOwnerType()) && pa.getRawType().equals(pb.getRawType()) && Arrays.equals(pa.getActualTypeArguments(), pb.getActualTypeArguments());
        } else if (a instanceof GenericArrayType) {
            if (!(b instanceof GenericArrayType)) {
                return false;
            }
            GenericArrayType ga = (GenericArrayType) a;
            GenericArrayType gb = (GenericArrayType) b;
            return equals(ga.getGenericComponentType(), gb.getGenericComponentType());
        } else if (a instanceof WildcardType) {
            if (!(b instanceof WildcardType)) {
                return false;
            }
            WildcardType wa = (WildcardType) a;
            WildcardType wb = (WildcardType) b;
            return Arrays.equals(wa.getUpperBounds(), wb.getUpperBounds()) && Arrays.equals(wa.getLowerBounds(), wb.getLowerBounds());
        } else if (a instanceof TypeVariable) {
            if (!(b instanceof TypeVariable)) {
                return false;
            }
            TypeVariable<?> va = (TypeVariable<?>) a;
            TypeVariable<?> vb = (TypeVariable<?>) b;
            return va.getGenericDeclaration() == vb.getGenericDeclaration() && va.getName().equals(vb.getName());
        } else {
            // This isn't a type we support. Could be a generic array type, wildcard type, etc.
            return false;
        }
    }

    static int hashCodeOrZero(Object o) {
        return o != null ? o.hashCode() : 0;
    }

    public static String typeToString(Type type) {
        return type instanceof Class ? ((Class<?>) type).getName() : type.toString();
    }

    /**
     * Returns the generic supertype for {@code supertype}. For example, given a class {@code
     * IntegerSet}, the result for when supertype is {@code Set.class} is {@code Set<Integer>} and the
     * result when the supertype is {@code Collection.class} is {@code Collection<Integer>}.
     */
    static Type getGenericSupertype(Type context, Class<?> rawType, Class<?> toResolve) {
        if (toResolve == rawType) {
            return context;
        }
        // we skip searching through interfaces if unknown is an interface
        if (toResolve.isInterface()) {
            Class<?>[] interfaces = rawType.getInterfaces();
            for (int i = 0, length = interfaces.length; i < length; i++) {
                if (interfaces[i] == toResolve) {
                    return rawType.getGenericInterfaces()[i];
                } else if (toResolve.isAssignableFrom(interfaces[i])) {
                    return getGenericSupertype(rawType.getGenericInterfaces()[i], interfaces[i], toResolve);
                }
            }
        }
        // check our supertypes
        if (!rawType.isInterface()) {
            while (rawType != Object.class) {
                Class<?> rawSupertype = rawType.getSuperclass();
                if (rawSupertype == toResolve) {
                    return rawType.getGenericSuperclass();
                } else if (toResolve.isAssignableFrom(rawSupertype)) {
                    return getGenericSupertype(rawType.getGenericSuperclass(), rawSupertype, toResolve);
                }
                rawType = rawSupertype;
            }
        }
        // we can't resolve this further
        return toResolve;
    }

    /**
     * Returns the generic form of {@code supertype}. For example, if this is {@code
     * ArrayList<String>}, this returns {@code Iterable<String>} given the input {@code
     * Iterable.class}.
     *
     * @param supertype a superclass of, or interface implemented by, this.
     */
    static Type getSupertype(Type context, Class<?> contextRawType, Class<?> supertype) {
        if (context instanceof WildcardType) {
            // wildcards are useless for resolving supertypes. As the upper bound has the same raw type,
            // use it instead
            context = ((WildcardType) context).getUpperBounds()[0];
        }
        checkArgument(supertype.isAssignableFrom(contextRawType));
        return resolve(context, contextRawType, $Gson$Types.getGenericSupertype(context, contextRawType, supertype));
    }

    /**
     * Returns the component type of this array type.
     *
     * @throws ClassCastException if this type is not an array.
     */
    public static Type getArrayComponentType(Type array) {
        return array instanceof GenericArrayType ? ((GenericArrayType) array).getGenericComponentType() : ((Class<?>) array).getComponentType();
    }

    /**
     * Returns the element type of this collection type.
     *
     * @throws IllegalArgumentException if this type is not a collection.
     */
    public static Type getCollectionElementType(Type context, Class<?> contextRawType) {
        Type collectionType = getSupertype(context, contextRawType, Collection.class);
        if (collectionType instanceof WildcardType) {
            collectionType = ((WildcardType) collectionType).getUpperBounds()[0];
        }
        if (collectionType instanceof ParameterizedType) {
            return ((ParameterizedType) collectionType).getActualTypeArguments()[0];
        }
        return Object.class;
    }

    /**
     * Returns a two element array containing this map's key and value types in positions 0 and 1
     * respectively.
     */
    public static Type[] getMapKeyAndValueTypes(Type context, Class<?> contextRawType) {
        /*
     * Work around a problem with the declaration of java.util.Properties. That
     * class should extend Hashtable<String, String>, but it's declared to
     * extend Hashtable<Object, Object>.
     */
        if (context == Properties.class) {
            // TODO: test subclasses of Properties!
            return new Type[] { String.class, String.class };
        }
        Type mapType = getSupertype(context, contextRawType, Map.class);
        // TODO: strip wildcards?
        if (mapType instanceof ParameterizedType) {
            ParameterizedType mapParameterizedType = (ParameterizedType) mapType;
            return mapParameterizedType.getActualTypeArguments();
        }
        return new Type[] { Object.class, Object.class };
    }

    public static Type resolve(Type context, Class<?> contextRawType, Type toResolve) {
        return resolve(context, contextRawType, toResolve, new HashSet<TypeVariable>());
    }

    private static Type resolve(Type context, Class<?> contextRawType, Type toResolve, Collection<TypeVariable> visitedTypeVariables) {
        // this implementation is made a little more complicated in an attempt to avoid object-creation
        while (true) {
            if (toResolve instanceof TypeVariable) {
                TypeVariable<?> typeVariable = (TypeVariable<?>) toResolve;
                if (visitedTypeVariables.contains(typeVariable)) {
                    // cannot reduce due to infinite recursion
                    return toResolve;
                } else {
                    visitedTypeVariables.add(typeVariable);
                }
                toResolve = resolveTypeVariable(context, contextRawType, typeVariable);
                if (toResolve == typeVariable) {
                    return toResolve;
                }
            } else if (toResolve instanceof Class && ((Class<?>) toResolve).isArray()) {
                Class<?> original = (Class<?>) toResolve;
                Type componentType = original.getComponentType();
                Type newComponentType = resolve(context, contextRawType, componentType, visitedTypeVariables);
                return componentType == newComponentType ? original : arrayOf(newComponentType);
            } else if (toResolve instanceof GenericArrayType) {
                GenericArrayType original = (GenericArrayType) toResolve;
                Type componentType = original.getGenericComponentType();
                Type newComponentType = resolve(context, contextRawType, componentType, visitedTypeVariables);
                return componentType == newComponentType ? original : arrayOf(newComponentType);
            } else if (toResolve instanceof ParameterizedType) {
                ParameterizedType original = (ParameterizedType) toResolve;
                Type ownerType = original.getOwnerType();
                Type newOwnerType = resolve(context, contextRawType, ownerType, visitedTypeVariables);
                boolean changed = newOwnerType != ownerType;
                Type[] args = original.getActualTypeArguments();
                for (int t = 0, length = args.length; t < length; t++) {
                    Type resolvedTypeArgument = resolve(context, contextRawType, args[t], visitedTypeVariables);
                    if (resolvedTypeArgument != args[t]) {
                        if (!changed) {
                            args = args.clone();
                            changed = true;
                        }
                        args[t] = resolvedTypeArgument;
                    }
                }
                return changed ? newParameterizedTypeWithOwner(newOwnerType, original.getRawType(), args) : original;
            } else if (toResolve instanceof WildcardType) {
                WildcardType original = (WildcardType) toResolve;
                Type[] originalLowerBound = original.getLowerBounds();
                Type[] originalUpperBound = original.getUpperBounds();
                if (originalLowerBound.length == 1) {
                    Type lowerBound = resolve(context, contextRawType, originalLowerBound[0], visitedTypeVariables);
                    if (lowerBound != originalLowerBound[0]) {
                        return supertypeOf(lowerBound);
                    }
                } else if (originalUpperBound.length == 1) {
                    Type upperBound = resolve(context, contextRawType, originalUpperBound[0], visitedTypeVariables);
                    if (upperBound != originalUpperBound[0]) {
                        return subtypeOf(upperBound);
                    }
                }
                return original;
            } else {
                return toResolve;
            }
        }
    }

    static Type resolveTypeVariable(Type context, Class<?> contextRawType, TypeVariable<?> unknown) {
        Class<?> declaredByRaw = declaringClassOf(unknown);
        // we can't reduce this further
        if (declaredByRaw == null) {
            return unknown;
        }
        Type declaredBy = getGenericSupertype(context, contextRawType, declaredByRaw);
        if (declaredBy instanceof ParameterizedType) {
            int index = indexOf(declaredByRaw.getTypeParameters(), unknown);
            return ((ParameterizedType) declaredBy).getActualTypeArguments()[index];
        }
        return unknown;
    }

    private static int indexOf(Object[] array, Object toFind) {
        for (int i = 0, length = array.length; i < length; i++) {
            if (toFind.equals(array[i])) {
                return i;
            }
        }
        throw new NoSuchElementException();
    }

    /**
     * Returns the declaring class of {@code typeVariable}, or {@code null} if it was not declared by
     * a class.
     */
    private static Class<?> declaringClassOf(TypeVariable<?> typeVariable) {
        GenericDeclaration genericDeclaration = typeVariable.getGenericDeclaration();
        return genericDeclaration instanceof Class ? (Class<?>) genericDeclaration : null;
    }

    static void checkNotPrimitive(Type type) {
        checkArgument(!(type instanceof Class<?>) || !((Class<?>) type).isPrimitive());
    }

    private static final class ParameterizedTypeImpl implements ParameterizedType, Serializable {

        private final Type ownerType;

        private final Type rawType;

        private final Type[] typeArguments;

        public ParameterizedTypeImpl(Type ownerType, Type rawType, Type... typeArguments) {
            // require an owner type if the raw type needs it
            if (rawType instanceof Class<?>) {
                Class<?> rawTypeAsClass = (Class<?>) rawType;
                boolean isStaticOrTopLevelClass = Modifier.isStatic(rawTypeAsClass.getModifiers()) || rawTypeAsClass.getEnclosingClass() == null;
                checkArgument(ownerType != null || isStaticOrTopLevelClass);
            }
            this.ownerType = ownerType == null ? null : canonicalize(ownerType);
            this.rawType = canonicalize(rawType);
            this.typeArguments = typeArguments.clone();
            for (int t = 0, length = this.typeArguments.length; t < length; t++) {
                checkNotNull(this.typeArguments[t]);
                checkNotPrimitive(this.typeArguments[t]);
                this.typeArguments[t] = canonicalize(this.typeArguments[t]);
            }
        }

        public Type[] getActualTypeArguments() {
            return typeArguments.clone();
        }

        public Type getRawType() {
            return rawType;
        }

        public Type getOwnerType() {
            return ownerType;
        }

        @Override
        public boolean equals(Object other) {
            return other instanceof ParameterizedType && $Gson$Types.equals(this, (ParameterizedType) other);
        }

        @Override
        public int hashCode() {
            return Arrays.hashCode(typeArguments) ^ rawType.hashCode() ^ hashCodeOrZero(ownerType);
        }

        @Override
        public String toString() {
            int length = typeArguments.length;
            if (length == 0) {
                return typeToString(rawType);
            }
            StringBuilder stringBuilder = new StringBuilder(30 * (length + 1));
            stringBuilder.append(typeToString(rawType)).append("<").append(typeToString(typeArguments[0]));
            for (int i = 1; i < length; i++) {
                stringBuilder.append(", ").append(typeToString(typeArguments[i]));
            }
            return stringBuilder.append(">").toString();
        }

        private static final long serialVersionUID = 0;
    }

    private static final class GenericArrayTypeImpl implements GenericArrayType, Serializable {

        private final Type componentType;

        public GenericArrayTypeImpl(Type componentType) {
            this.componentType = canonicalize(componentType);
        }

        public Type getGenericComponentType() {
            return componentType;
        }

        @Override
        public boolean equals(Object o) {
            return o instanceof GenericArrayType && $Gson$Types.equals(this, (GenericArrayType) o);
        }

        @Override
        public int hashCode() {
            return componentType.hashCode();
        }

        @Override
        public String toString() {
            return typeToString(componentType) + "[]";
        }

        private static final long serialVersionUID = 0;
    }

    /**
     * The WildcardType interface supports multiple upper bounds and multiple lower bounds. We only
     * support what the Java 6 language needs - at most one bound. If a lower bound is set, the upper
     * bound must be Object.class.
     */
    private static final class WildcardTypeImpl implements WildcardType, Serializable {

        private final Type upperBound;

        private final Type lowerBound;

        public WildcardTypeImpl(Type[] upperBounds, Type[] lowerBounds) {
            checkArgument(lowerBounds.length <= 1);
            checkArgument(upperBounds.length == 1);
            if (lowerBounds.length == 1) {
                checkNotNull(lowerBounds[0]);
                checkNotPrimitive(lowerBounds[0]);
                checkArgument(upperBounds[0] == Object.class);
                this.lowerBound = canonicalize(lowerBounds[0]);
                this.upperBound = Object.class;
            } else {
                checkNotNull(upperBounds[0]);
                checkNotPrimitive(upperBounds[0]);
                this.lowerBound = null;
                this.upperBound = canonicalize(upperBounds[0]);
            }
        }

        public Type[] getUpperBounds() {
            return new Type[] { upperBound };
        }

        public Type[] getLowerBounds() {
            return lowerBound != null ? new Type[] { lowerBound } : EMPTY_TYPE_ARRAY;
        }

        @Override
        public boolean equals(Object other) {
            return other instanceof WildcardType && $Gson$Types.equals(this, (WildcardType) other);
        }

        @Override
        public int hashCode() {
            // this equals Arrays.hashCode(getLowerBounds()) ^ Arrays.hashCode(getUpperBounds());
            return (lowerBound != null ? 31 + lowerBound.hashCode() : 1) ^ (31 + upperBound.hashCode());
        }

        @Override
        public String toString() {
            if (lowerBound != null) {
                return "? super " + typeToString(lowerBound);
            } else if (upperBound == Object.class) {
                return "?";
            } else {
                return "? extends " + typeToString(upperBound);
            }
        }

        private static final long serialVersionUID = 0;
    }
}

If the class is in generated code or otherwise not present in the source, this is expected and this message can be safely ignored. If you do see the class on the source code, please report this bug at: https://github.com/nimakarimipour/NullAwayAnnotator/issues. Thank you!
Could not find class of type: Top-Level with name:  on Cursor:
/**
 * Copyright (C) 2008 Google Inc.
 *
 * <p>Licensed under the Apache License, Version 2.0 (the "License"); you may not use this file
 * except in compliance with the License. You may obtain a copy of the License at
 *
 * <p>http://www.apache.org/licenses/LICENSE-2.0
 *
 * <p>Unless required by applicable law or agreed to in writing, software distributed under the
 * License is distributed on an "AS IS" BASIS, WITHOUT WARRANTIES OR CONDITIONS OF ANY KIND, either
 * express or implied. See the License for the specific language governing permissions and
 * limitations under the License.
 */
package com.google.gson.internal;

import static com.google.gson.internal.$Gson$Preconditions.checkArgument;
import static com.google.gson.internal.$Gson$Preconditions.checkNotNull;
import java.io.Serializable;
import java.lang.reflect.Array;
import java.lang.reflect.GenericArrayType;
import java.lang.reflect.GenericDeclaration;
import java.lang.reflect.Modifier;
import java.lang.reflect.ParameterizedType;
import java.lang.reflect.Type;
import java.lang.reflect.TypeVariable;
import java.lang.reflect.WildcardType;
import java.util.*;

/**
 * Static methods for working with types.
 *
 * @author Bob Lee
 * @author Jesse Wilson
 */
public final class $Gson$Types {

    static final Type[] EMPTY_TYPE_ARRAY = new Type[] {};

    private $Gson$Types() {
        throw new UnsupportedOperationException();
    }

    /**
     * Returns a new parameterized type, applying {@code typeArguments} to {@code rawType} and
     * enclosed by {@code ownerType}.
     *
     * @return a {@link java.io.Serializable serializable} parameterized type.
     */
    public static ParameterizedType newParameterizedTypeWithOwner(Type ownerType, Type rawType, Type... typeArguments) {
        return new ParameterizedTypeImpl(ownerType, rawType, typeArguments);
    }

    /**
     * Returns an array type whose elements are all instances of {@code componentType}.
     *
     * @return a {@link java.io.Serializable serializable} generic array type.
     */
    public static GenericArrayType arrayOf(Type componentType) {
        return new GenericArrayTypeImpl(componentType);
    }

    /**
     * Returns a type that represents an unknown type that extends {@code bound}. For example, if
     * {@code bound} is {@code CharSequence.class}, this returns {@code ? extends CharSequence}. If
     * {@code bound} is {@code Object.class}, this returns {@code ?}, which is shorthand for {@code ?
     * extends Object}.
     */
    public static WildcardType subtypeOf(Type bound) {
        Type[] upperBounds;
        if (bound instanceof WildcardType) {
            upperBounds = ((WildcardType) bound).getUpperBounds();
        } else {
            upperBounds = new Type[] { bound };
        }
        return new WildcardTypeImpl(upperBounds, EMPTY_TYPE_ARRAY);
    }

    /**
     * Returns a type that represents an unknown supertype of {@code bound}. For example, if {@code
     * bound} is {@code String.class}, this returns {@code ? super String}.
     */
    public static WildcardType supertypeOf(Type bound) {
        Type[] lowerBounds;
        if (bound instanceof WildcardType) {
            lowerBounds = ((WildcardType) bound).getLowerBounds();
        } else {
            lowerBounds = new Type[] { bound };
        }
        return new WildcardTypeImpl(new Type[] { Object.class }, lowerBounds);
    }

    /**
     * Returns a type that is functionally equal but not necessarily equal according to {@link
     * Object#equals(Object) Object.equals()}. The returned type is {@link java.io.Serializable}.
     */
    public static Type canonicalize(Type type) {
        if (type instanceof Class) {
            Class<?> c = (Class<?>) type;
            return c.isArray() ? new GenericArrayTypeImpl(canonicalize(c.getComponentType())) : c;
        } else if (type instanceof ParameterizedType) {
            ParameterizedType p = (ParameterizedType) type;
            return new ParameterizedTypeImpl(p.getOwnerType(), p.getRawType(), p.getActualTypeArguments());
        } else if (type instanceof GenericArrayType) {
            GenericArrayType g = (GenericArrayType) type;
            return new GenericArrayTypeImpl(g.getGenericComponentType());
        } else if (type instanceof WildcardType) {
            WildcardType w = (WildcardType) type;
            return new WildcardTypeImpl(w.getUpperBounds(), w.getLowerBounds());
        } else {
            // type is either serializable as-is or unsupported
            return type;
        }
    }

    public static Class<?> getRawType(Type type) {
        if (type instanceof Class<?>) {
            // type is a normal class.
            return (Class<?>) type;
        } else if (type instanceof ParameterizedType) {
            ParameterizedType parameterizedType = (ParameterizedType) type;
            // I'm not exactly sure why getRawType() returns Type instead of Class.
            // Neal isn't either but suspects some pathological case related
            // to nested classes exists.
            Type rawType = parameterizedType.getRawType();
            checkArgument(rawType instanceof Class);
            return (Class<?>) rawType;
        } else if (type instanceof GenericArrayType) {
            Type componentType = ((GenericArrayType) type).getGenericComponentType();
            return Array.newInstance(getRawType(componentType), 0).getClass();
        } else if (type instanceof TypeVariable) {
            // we could use the variable's bounds, but that won't work if there are multiple.
            // having a raw type that's more general than necessary is okay
            return Object.class;
        } else if (type instanceof WildcardType) {
            return getRawType(((WildcardType) type).getUpperBounds()[0]);
        } else {
            String className = type == null ? "null" : type.getClass().getName();
            throw new IllegalArgumentException("Expected a Class, ParameterizedType, or " + "GenericArrayType, but <" + type + "> is of type " + className);
        }
    }

    static boolean equal(Object a, Object b) {
        return a == b || (a != null && a.equals(b));
    }

    /**
     * Returns true if {@code a} and {@code b} are equal.
     */
    public static boolean equals(Type a, Type b) {
        if (a == b) {
            // also handles (a == null && b == null)
            return true;
        } else if (a instanceof Class) {
            // Class already specifies equals().
            return a.equals(b);
        } else if (a instanceof ParameterizedType) {
            if (!(b instanceof ParameterizedType)) {
                return false;
            }
            // TODO: save a .clone() call
            ParameterizedType pa = (ParameterizedType) a;
            ParameterizedType pb = (ParameterizedType) b;
            return equal(pa.getOwnerType(), pb.getOwnerType()) && pa.getRawType().equals(pb.getRawType()) && Arrays.equals(pa.getActualTypeArguments(), pb.getActualTypeArguments());
        } else if (a instanceof GenericArrayType) {
            if (!(b instanceof GenericArrayType)) {
                return false;
            }
            GenericArrayType ga = (GenericArrayType) a;
            GenericArrayType gb = (GenericArrayType) b;
            return equals(ga.getGenericComponentType(), gb.getGenericComponentType());
        } else if (a instanceof WildcardType) {
            if (!(b instanceof WildcardType)) {
                return false;
            }
            WildcardType wa = (WildcardType) a;
            WildcardType wb = (WildcardType) b;
            return Arrays.equals(wa.getUpperBounds(), wb.getUpperBounds()) && Arrays.equals(wa.getLowerBounds(), wb.getLowerBounds());
        } else if (a instanceof TypeVariable) {
            if (!(b instanceof TypeVariable)) {
                return false;
            }
            TypeVariable<?> va = (TypeVariable<?>) a;
            TypeVariable<?> vb = (TypeVariable<?>) b;
            return va.getGenericDeclaration() == vb.getGenericDeclaration() && va.getName().equals(vb.getName());
        } else {
            // This isn't a type we support. Could be a generic array type, wildcard type, etc.
            return false;
        }
    }

    static int hashCodeOrZero(Object o) {
        return o != null ? o.hashCode() : 0;
    }

    public static String typeToString(Type type) {
        return type instanceof Class ? ((Class<?>) type).getName() : type.toString();
    }

    /**
     * Returns the generic supertype for {@code supertype}. For example, given a class {@code
     * IntegerSet}, the result for when supertype is {@code Set.class} is {@code Set<Integer>} and the
     * result when the supertype is {@code Collection.class} is {@code Collection<Integer>}.
     */
    static Type getGenericSupertype(Type context, Class<?> rawType, Class<?> toResolve) {
        if (toResolve == rawType) {
            return context;
        }
        // we skip searching through interfaces if unknown is an interface
        if (toResolve.isInterface()) {
            Class<?>[] interfaces = rawType.getInterfaces();
            for (int i = 0, length = interfaces.length; i < length; i++) {
                if (interfaces[i] == toResolve) {
                    return rawType.getGenericInterfaces()[i];
                } else if (toResolve.isAssignableFrom(interfaces[i])) {
                    return getGenericSupertype(rawType.getGenericInterfaces()[i], interfaces[i], toResolve);
                }
            }
        }
        // check our supertypes
        if (!rawType.isInterface()) {
            while (rawType != Object.class) {
                Class<?> rawSupertype = rawType.getSuperclass();
                if (rawSupertype == toResolve) {
                    return rawType.getGenericSuperclass();
                } else if (toResolve.isAssignableFrom(rawSupertype)) {
                    return getGenericSupertype(rawType.getGenericSuperclass(), rawSupertype, toResolve);
                }
                rawType = rawSupertype;
            }
        }
        // we can't resolve this further
        return toResolve;
    }

    /**
     * Returns the generic form of {@code supertype}. For example, if this is {@code
     * ArrayList<String>}, this returns {@code Iterable<String>} given the input {@code
     * Iterable.class}.
     *
     * @param supertype a superclass of, or interface implemented by, this.
     */
    static Type getSupertype(Type context, Class<?> contextRawType, Class<?> supertype) {
        if (context instanceof WildcardType) {
            // wildcards are useless for resolving supertypes. As the upper bound has the same raw type,
            // use it instead
            context = ((WildcardType) context).getUpperBounds()[0];
        }
        checkArgument(supertype.isAssignableFrom(contextRawType));
        return resolve(context, contextRawType, $Gson$Types.getGenericSupertype(context, contextRawType, supertype));
    }

    /**
     * Returns the component type of this array type.
     *
     * @throws ClassCastException if this type is not an array.
     */
    public static Type getArrayComponentType(Type array) {
        return array instanceof GenericArrayType ? ((GenericArrayType) array).getGenericComponentType() : ((Class<?>) array).getComponentType();
    }

    /**
     * Returns the element type of this collection type.
     *
     * @throws IllegalArgumentException if this type is not a collection.
     */
    public static Type getCollectionElementType(Type context, Class<?> contextRawType) {
        Type collectionType = getSupertype(context, contextRawType, Collection.class);
        if (collectionType instanceof WildcardType) {
            collectionType = ((WildcardType) collectionType).getUpperBounds()[0];
        }
        if (collectionType instanceof ParameterizedType) {
            return ((ParameterizedType) collectionType).getActualTypeArguments()[0];
        }
        return Object.class;
    }

    /**
     * Returns a two element array containing this map's key and value types in positions 0 and 1
     * respectively.
     */
    public static Type[] getMapKeyAndValueTypes(Type context, Class<?> contextRawType) {
        /*
     * Work around a problem with the declaration of java.util.Properties. That
     * class should extend Hashtable<String, String>, but it's declared to
     * extend Hashtable<Object, Object>.
     */
        if (context == Properties.class) {
            // TODO: test subclasses of Properties!
            return new Type[] { String.class, String.class };
        }
        Type mapType = getSupertype(context, contextRawType, Map.class);
        // TODO: strip wildcards?
        if (mapType instanceof ParameterizedType) {
            ParameterizedType mapParameterizedType = (ParameterizedType) mapType;
            return mapParameterizedType.getActualTypeArguments();
        }
        return new Type[] { Object.class, Object.class };
    }

    public static Type resolve(Type context, Class<?> contextRawType, Type toResolve) {
        return resolve(context, contextRawType, toResolve, new HashSet<TypeVariable>());
    }

    private static Type resolve(Type context, Class<?> contextRawType, Type toResolve, Collection<TypeVariable> visitedTypeVariables) {
        // this implementation is made a little more complicated in an attempt to avoid object-creation
        while (true) {
            if (toResolve instanceof TypeVariable) {
                TypeVariable<?> typeVariable = (TypeVariable<?>) toResolve;
                if (visitedTypeVariables.contains(typeVariable)) {
                    // cannot reduce due to infinite recursion
                    return toResolve;
                } else {
                    visitedTypeVariables.add(typeVariable);
                }
                toResolve = resolveTypeVariable(context, contextRawType, typeVariable);
                if (toResolve == typeVariable) {
                    return toResolve;
                }
            } else if (toResolve instanceof Class && ((Class<?>) toResolve).isArray()) {
                Class<?> original = (Class<?>) toResolve;
                Type componentType = original.getComponentType();
                Type newComponentType = resolve(context, contextRawType, componentType, visitedTypeVariables);
                return componentType == newComponentType ? original : arrayOf(newComponentType);
            } else if (toResolve instanceof GenericArrayType) {
                GenericArrayType original = (GenericArrayType) toResolve;
                Type componentType = original.getGenericComponentType();
                Type newComponentType = resolve(context, contextRawType, componentType, visitedTypeVariables);
                return componentType == newComponentType ? original : arrayOf(newComponentType);
            } else if (toResolve instanceof ParameterizedType) {
                ParameterizedType original = (ParameterizedType) toResolve;
                Type ownerType = original.getOwnerType();
                Type newOwnerType = resolve(context, contextRawType, ownerType, visitedTypeVariables);
                boolean changed = newOwnerType != ownerType;
                Type[] args = original.getActualTypeArguments();
                for (int t = 0, length = args.length; t < length; t++) {
                    Type resolvedTypeArgument = resolve(context, contextRawType, args[t], visitedTypeVariables);
                    if (resolvedTypeArgument != args[t]) {
                        if (!changed) {
                            args = args.clone();
                            changed = true;
                        }
                        args[t] = resolvedTypeArgument;
                    }
                }
                return changed ? newParameterizedTypeWithOwner(newOwnerType, original.getRawType(), args) : original;
            } else if (toResolve instanceof WildcardType) {
                WildcardType original = (WildcardType) toResolve;
                Type[] originalLowerBound = original.getLowerBounds();
                Type[] originalUpperBound = original.getUpperBounds();
                if (originalLowerBound.length == 1) {
                    Type lowerBound = resolve(context, contextRawType, originalLowerBound[0], visitedTypeVariables);
                    if (lowerBound != originalLowerBound[0]) {
                        return supertypeOf(lowerBound);
                    }
                } else if (originalUpperBound.length == 1) {
                    Type upperBound = resolve(context, contextRawType, originalUpperBound[0], visitedTypeVariables);
                    if (upperBound != originalUpperBound[0]) {
                        return subtypeOf(upperBound);
                    }
                }
                return original;
            } else {
                return toResolve;
            }
        }
    }

    static Type resolveTypeVariable(Type context, Class<?> contextRawType, TypeVariable<?> unknown) {
        Class<?> declaredByRaw = declaringClassOf(unknown);
        // we can't reduce this further
        if (declaredByRaw == null) {
            return unknown;
        }
        Type declaredBy = getGenericSupertype(context, contextRawType, declaredByRaw);
        if (declaredBy instanceof ParameterizedType) {
            int index = indexOf(declaredByRaw.getTypeParameters(), unknown);
            return ((ParameterizedType) declaredBy).getActualTypeArguments()[index];
        }
        return unknown;
    }

    private static int indexOf(Object[] array, Object toFind) {
        for (int i = 0, length = array.length; i < length; i++) {
            if (toFind.equals(array[i])) {
                return i;
            }
        }
        throw new NoSuchElementException();
    }

    /**
     * Returns the declaring class of {@code typeVariable}, or {@code null} if it was not declared by
     * a class.
     */
    private static Class<?> declaringClassOf(TypeVariable<?> typeVariable) {
        GenericDeclaration genericDeclaration = typeVariable.getGenericDeclaration();
        return genericDeclaration instanceof Class ? (Class<?>) genericDeclaration : null;
    }

    static void checkNotPrimitive(Type type) {
        checkArgument(!(type instanceof Class<?>) || !((Class<?>) type).isPrimitive());
    }

    private static final class ParameterizedTypeImpl implements ParameterizedType, Serializable {

        private final Type ownerType;

        private final Type rawType;

        private final Type[] typeArguments;

        public ParameterizedTypeImpl(Type ownerType, Type rawType, Type... typeArguments) {
            // require an owner type if the raw type needs it
            if (rawType instanceof Class<?>) {
                Class<?> rawTypeAsClass = (Class<?>) rawType;
                boolean isStaticOrTopLevelClass = Modifier.isStatic(rawTypeAsClass.getModifiers()) || rawTypeAsClass.getEnclosingClass() == null;
                checkArgument(ownerType != null || isStaticOrTopLevelClass);
            }
            this.ownerType = ownerType == null ? null : canonicalize(ownerType);
            this.rawType = canonicalize(rawType);
            this.typeArguments = typeArguments.clone();
            for (int t = 0, length = this.typeArguments.length; t < length; t++) {
                checkNotNull(this.typeArguments[t]);
                checkNotPrimitive(this.typeArguments[t]);
                this.typeArguments[t] = canonicalize(this.typeArguments[t]);
            }
        }

        public Type[] getActualTypeArguments() {
            return typeArguments.clone();
        }

        public Type getRawType() {
            return rawType;
        }

        public Type getOwnerType() {
            return ownerType;
        }

        @Override
        public boolean equals(Object other) {
            return other instanceof ParameterizedType && $Gson$Types.equals(this, (ParameterizedType) other);
        }

        @Override
        public int hashCode() {
            return Arrays.hashCode(typeArguments) ^ rawType.hashCode() ^ hashCodeOrZero(ownerType);
        }

        @Override
        public String toString() {
            int length = typeArguments.length;
            if (length == 0) {
                return typeToString(rawType);
            }
            StringBuilder stringBuilder = new StringBuilder(30 * (length + 1));
            stringBuilder.append(typeToString(rawType)).append("<").append(typeToString(typeArguments[0]));
            for (int i = 1; i < length; i++) {
                stringBuilder.append(", ").append(typeToString(typeArguments[i]));
            }
            return stringBuilder.append(">").toString();
        }

        private static final long serialVersionUID = 0;
    }

    private static final class GenericArrayTypeImpl implements GenericArrayType, Serializable {

        private final Type componentType;

        public GenericArrayTypeImpl(Type componentType) {
            this.componentType = canonicalize(componentType);
        }

        public Type getGenericComponentType() {
            return componentType;
        }

        @Override
        public boolean equals(Object o) {
            return o instanceof GenericArrayType && $Gson$Types.equals(this, (GenericArrayType) o);
        }

        @Override
        public int hashCode() {
            return componentType.hashCode();
        }

        @Override
        public String toString() {
            return typeToString(componentType) + "[]";
        }

        private static final long serialVersionUID = 0;
    }

    /**
     * The WildcardType interface supports multiple upper bounds and multiple lower bounds. We only
     * support what the Java 6 language needs - at most one bound. If a lower bound is set, the upper
     * bound must be Object.class.
     */
    private static final class WildcardTypeImpl implements WildcardType, Serializable {

        private final Type upperBound;

        private final Type lowerBound;

        public WildcardTypeImpl(Type[] upperBounds, Type[] lowerBounds) {
            checkArgument(lowerBounds.length <= 1);
            checkArgument(upperBounds.length == 1);
            if (lowerBounds.length == 1) {
                checkNotNull(lowerBounds[0]);
                checkNotPrimitive(lowerBounds[0]);
                checkArgument(upperBounds[0] == Object.class);
                this.lowerBound = canonicalize(lowerBounds[0]);
                this.upperBound = Object.class;
            } else {
                checkNotNull(upperBounds[0]);
                checkNotPrimitive(upperBounds[0]);
                this.lowerBound = null;
                this.upperBound = canonicalize(upperBounds[0]);
            }
        }

        public Type[] getUpperBounds() {
            return new Type[] { upperBound };
        }

        public Type[] getLowerBounds() {
            return lowerBound != null ? new Type[] { lowerBound } : EMPTY_TYPE_ARRAY;
        }

        @Override
        public boolean equals(Object other) {
            return other instanceof WildcardType && $Gson$Types.equals(this, (WildcardType) other);
        }

        @Override
        public int hashCode() {
            // this equals Arrays.hashCode(getLowerBounds()) ^ Arrays.hashCode(getUpperBounds());
            return (lowerBound != null ? 31 + lowerBound.hashCode() : 1) ^ (31 + upperBound.hashCode());
        }

        @Override
        public String toString() {
            if (lowerBound != null) {
                return "? super " + typeToString(lowerBound);
            } else if (upperBound == Object.class) {
                return "?";
            } else {
                return "? extends " + typeToString(upperBound);
            }
        }

        private static final long serialVersionUID = 0;
    }
}

If the class is in generated code or otherwise not present in the source, this is expected and this message can be safely ignored. If you do see the class on the source code, please report this bug at: https://github.com/nimakarimipour/NullAwayAnnotator/issues. Thank you!
Could not find class of type: Top-Level with name:  on Cursor:
/**
 * Copyright (C) 2008 Google Inc.
 *
 * <p>Licensed under the Apache License, Version 2.0 (the "License"); you may not use this file
 * except in compliance with the License. You may obtain a copy of the License at
 *
 * <p>http://www.apache.org/licenses/LICENSE-2.0
 *
 * <p>Unless required by applicable law or agreed to in writing, software distributed under the
 * License is distributed on an "AS IS" BASIS, WITHOUT WARRANTIES OR CONDITIONS OF ANY KIND, either
 * express or implied. See the License for the specific language governing permissions and
 * limitations under the License.
 */
package com.google.gson.internal;

import static com.google.gson.internal.$Gson$Preconditions.checkArgument;
import static com.google.gson.internal.$Gson$Preconditions.checkNotNull;
import java.io.Serializable;
import java.lang.reflect.Array;
import java.lang.reflect.GenericArrayType;
import java.lang.reflect.GenericDeclaration;
import java.lang.reflect.Modifier;
import java.lang.reflect.ParameterizedType;
import java.lang.reflect.Type;
import java.lang.reflect.TypeVariable;
import java.lang.reflect.WildcardType;
import java.util.*;

/**
 * Static methods for working with types.
 *
 * @author Bob Lee
 * @author Jesse Wilson
 */
public final class $Gson$Types {

    static final Type[] EMPTY_TYPE_ARRAY = new Type[] {};

    private $Gson$Types() {
        throw new UnsupportedOperationException();
    }

    /**
     * Returns a new parameterized type, applying {@code typeArguments} to {@code rawType} and
     * enclosed by {@code ownerType}.
     *
     * @return a {@link java.io.Serializable serializable} parameterized type.
     */
    public static ParameterizedType newParameterizedTypeWithOwner(Type ownerType, Type rawType, Type... typeArguments) {
        return new ParameterizedTypeImpl(ownerType, rawType, typeArguments);
    }

    /**
     * Returns an array type whose elements are all instances of {@code componentType}.
     *
     * @return a {@link java.io.Serializable serializable} generic array type.
     */
    public static GenericArrayType arrayOf(Type componentType) {
        return new GenericArrayTypeImpl(componentType);
    }

    /**
     * Returns a type that represents an unknown type that extends {@code bound}. For example, if
     * {@code bound} is {@code CharSequence.class}, this returns {@code ? extends CharSequence}. If
     * {@code bound} is {@code Object.class}, this returns {@code ?}, which is shorthand for {@code ?
     * extends Object}.
     */
    public static WildcardType subtypeOf(Type bound) {
        Type[] upperBounds;
        if (bound instanceof WildcardType) {
            upperBounds = ((WildcardType) bound).getUpperBounds();
        } else {
            upperBounds = new Type[] { bound };
        }
        return new WildcardTypeImpl(upperBounds, EMPTY_TYPE_ARRAY);
    }

    /**
     * Returns a type that represents an unknown supertype of {@code bound}. For example, if {@code
     * bound} is {@code String.class}, this returns {@code ? super String}.
     */
    public static WildcardType supertypeOf(Type bound) {
        Type[] lowerBounds;
        if (bound instanceof WildcardType) {
            lowerBounds = ((WildcardType) bound).getLowerBounds();
        } else {
            lowerBounds = new Type[] { bound };
        }
        return new WildcardTypeImpl(new Type[] { Object.class }, lowerBounds);
    }

    /**
     * Returns a type that is functionally equal but not necessarily equal according to {@link
     * Object#equals(Object) Object.equals()}. The returned type is {@link java.io.Serializable}.
     */
    public static Type canonicalize(Type type) {
        if (type instanceof Class) {
            Class<?> c = (Class<?>) type;
            return c.isArray() ? new GenericArrayTypeImpl(canonicalize(c.getComponentType())) : c;
        } else if (type instanceof ParameterizedType) {
            ParameterizedType p = (ParameterizedType) type;
            return new ParameterizedTypeImpl(p.getOwnerType(), p.getRawType(), p.getActualTypeArguments());
        } else if (type instanceof GenericArrayType) {
            GenericArrayType g = (GenericArrayType) type;
            return new GenericArrayTypeImpl(g.getGenericComponentType());
        } else if (type instanceof WildcardType) {
            WildcardType w = (WildcardType) type;
            return new WildcardTypeImpl(w.getUpperBounds(), w.getLowerBounds());
        } else {
            // type is either serializable as-is or unsupported
            return type;
        }
    }

    public static Class<?> getRawType(Type type) {
        if (type instanceof Class<?>) {
            // type is a normal class.
            return (Class<?>) type;
        } else if (type instanceof ParameterizedType) {
            ParameterizedType parameterizedType = (ParameterizedType) type;
            // I'm not exactly sure why getRawType() returns Type instead of Class.
            // Neal isn't either but suspects some pathological case related
            // to nested classes exists.
            Type rawType = parameterizedType.getRawType();
            checkArgument(rawType instanceof Class);
            return (Class<?>) rawType;
        } else if (type instanceof GenericArrayType) {
            Type componentType = ((GenericArrayType) type).getGenericComponentType();
            return Array.newInstance(getRawType(componentType), 0).getClass();
        } else if (type instanceof TypeVariable) {
            // we could use the variable's bounds, but that won't work if there are multiple.
            // having a raw type that's more general than necessary is okay
            return Object.class;
        } else if (type instanceof WildcardType) {
            return getRawType(((WildcardType) type).getUpperBounds()[0]);
        } else {
            String className = type == null ? "null" : type.getClass().getName();
            throw new IllegalArgumentException("Expected a Class, ParameterizedType, or " + "GenericArrayType, but <" + type + "> is of type " + className);
        }
    }

    static boolean equal(Object a, Object b) {
        return a == b || (a != null && a.equals(b));
    }

    /**
     * Returns true if {@code a} and {@code b} are equal.
     */
    public static boolean equals(Type a, Type b) {
        if (a == b) {
            // also handles (a == null && b == null)
            return true;
        } else if (a instanceof Class) {
            // Class already specifies equals().
            return a.equals(b);
        } else if (a instanceof ParameterizedType) {
            if (!(b instanceof ParameterizedType)) {
                return false;
            }
            // TODO: save a .clone() call
            ParameterizedType pa = (ParameterizedType) a;
            ParameterizedType pb = (ParameterizedType) b;
            return equal(pa.getOwnerType(), pb.getOwnerType()) && pa.getRawType().equals(pb.getRawType()) && Arrays.equals(pa.getActualTypeArguments(), pb.getActualTypeArguments());
        } else if (a instanceof GenericArrayType) {
            if (!(b instanceof GenericArrayType)) {
                return false;
            }
            GenericArrayType ga = (GenericArrayType) a;
            GenericArrayType gb = (GenericArrayType) b;
            return equals(ga.getGenericComponentType(), gb.getGenericComponentType());
        } else if (a instanceof WildcardType) {
            if (!(b instanceof WildcardType)) {
                return false;
            }
            WildcardType wa = (WildcardType) a;
            WildcardType wb = (WildcardType) b;
            return Arrays.equals(wa.getUpperBounds(), wb.getUpperBounds()) && Arrays.equals(wa.getLowerBounds(), wb.getLowerBounds());
        } else if (a instanceof TypeVariable) {
            if (!(b instanceof TypeVariable)) {
                return false;
            }
            TypeVariable<?> va = (TypeVariable<?>) a;
            TypeVariable<?> vb = (TypeVariable<?>) b;
            return va.getGenericDeclaration() == vb.getGenericDeclaration() && va.getName().equals(vb.getName());
        } else {
            // This isn't a type we support. Could be a generic array type, wildcard type, etc.
            return false;
        }
    }

    static int hashCodeOrZero(Object o) {
        return o != null ? o.hashCode() : 0;
    }

    public static String typeToString(Type type) {
        return type instanceof Class ? ((Class<?>) type).getName() : type.toString();
    }

    /**
     * Returns the generic supertype for {@code supertype}. For example, given a class {@code
     * IntegerSet}, the result for when supertype is {@code Set.class} is {@code Set<Integer>} and the
     * result when the supertype is {@code Collection.class} is {@code Collection<Integer>}.
     */
    static Type getGenericSupertype(Type context, Class<?> rawType, Class<?> toResolve) {
        if (toResolve == rawType) {
            return context;
        }
        // we skip searching through interfaces if unknown is an interface
        if (toResolve.isInterface()) {
            Class<?>[] interfaces = rawType.getInterfaces();
            for (int i = 0, length = interfaces.length; i < length; i++) {
                if (interfaces[i] == toResolve) {
                    return rawType.getGenericInterfaces()[i];
                } else if (toResolve.isAssignableFrom(interfaces[i])) {
                    return getGenericSupertype(rawType.getGenericInterfaces()[i], interfaces[i], toResolve);
                }
            }
        }
        // check our supertypes
        if (!rawType.isInterface()) {
            while (rawType != Object.class) {
                Class<?> rawSupertype = rawType.getSuperclass();
                if (rawSupertype == toResolve) {
                    return rawType.getGenericSuperclass();
                } else if (toResolve.isAssignableFrom(rawSupertype)) {
                    return getGenericSupertype(rawType.getGenericSuperclass(), rawSupertype, toResolve);
                }
                rawType = rawSupertype;
            }
        }
        // we can't resolve this further
        return toResolve;
    }

    /**
     * Returns the generic form of {@code supertype}. For example, if this is {@code
     * ArrayList<String>}, this returns {@code Iterable<String>} given the input {@code
     * Iterable.class}.
     *
     * @param supertype a superclass of, or interface implemented by, this.
     */
    static Type getSupertype(Type context, Class<?> contextRawType, Class<?> supertype) {
        if (context instanceof WildcardType) {
            // wildcards are useless for resolving supertypes. As the upper bound has the same raw type,
            // use it instead
            context = ((WildcardType) context).getUpperBounds()[0];
        }
        checkArgument(supertype.isAssignableFrom(contextRawType));
        return resolve(context, contextRawType, $Gson$Types.getGenericSupertype(context, contextRawType, supertype));
    }

    /**
     * Returns the component type of this array type.
     *
     * @throws ClassCastException if this type is not an array.
     */
    public static Type getArrayComponentType(Type array) {
        return array instanceof GenericArrayType ? ((GenericArrayType) array).getGenericComponentType() : ((Class<?>) array).getComponentType();
    }

    /**
     * Returns the element type of this collection type.
     *
     * @throws IllegalArgumentException if this type is not a collection.
     */
    public static Type getCollectionElementType(Type context, Class<?> contextRawType) {
        Type collectionType = getSupertype(context, contextRawType, Collection.class);
        if (collectionType instanceof WildcardType) {
            collectionType = ((WildcardType) collectionType).getUpperBounds()[0];
        }
        if (collectionType instanceof ParameterizedType) {
            return ((ParameterizedType) collectionType).getActualTypeArguments()[0];
        }
        return Object.class;
    }

    /**
     * Returns a two element array containing this map's key and value types in positions 0 and 1
     * respectively.
     */
    public static Type[] getMapKeyAndValueTypes(Type context, Class<?> contextRawType) {
        /*
     * Work around a problem with the declaration of java.util.Properties. That
     * class should extend Hashtable<String, String>, but it's declared to
     * extend Hashtable<Object, Object>.
     */
        if (context == Properties.class) {
            // TODO: test subclasses of Properties!
            return new Type[] { String.class, String.class };
        }
        Type mapType = getSupertype(context, contextRawType, Map.class);
        // TODO: strip wildcards?
        if (mapType instanceof ParameterizedType) {
            ParameterizedType mapParameterizedType = (ParameterizedType) mapType;
            return mapParameterizedType.getActualTypeArguments();
        }
        return new Type[] { Object.class, Object.class };
    }

    public static Type resolve(Type context, Class<?> contextRawType, Type toResolve) {
        return resolve(context, contextRawType, toResolve, new HashSet<TypeVariable>());
    }

    private static Type resolve(Type context, Class<?> contextRawType, Type toResolve, Collection<TypeVariable> visitedTypeVariables) {
        // this implementation is made a little more complicated in an attempt to avoid object-creation
        while (true) {
            if (toResolve instanceof TypeVariable) {
                TypeVariable<?> typeVariable = (TypeVariable<?>) toResolve;
                if (visitedTypeVariables.contains(typeVariable)) {
                    // cannot reduce due to infinite recursion
                    return toResolve;
                } else {
                    visitedTypeVariables.add(typeVariable);
                }
                toResolve = resolveTypeVariable(context, contextRawType, typeVariable);
                if (toResolve == typeVariable) {
                    return toResolve;
                }
            } else if (toResolve instanceof Class && ((Class<?>) toResolve).isArray()) {
                Class<?> original = (Class<?>) toResolve;
                Type componentType = original.getComponentType();
                Type newComponentType = resolve(context, contextRawType, componentType, visitedTypeVariables);
                return componentType == newComponentType ? original : arrayOf(newComponentType);
            } else if (toResolve instanceof GenericArrayType) {
                GenericArrayType original = (GenericArrayType) toResolve;
                Type componentType = original.getGenericComponentType();
                Type newComponentType = resolve(context, contextRawType, componentType, visitedTypeVariables);
                return componentType == newComponentType ? original : arrayOf(newComponentType);
            } else if (toResolve instanceof ParameterizedType) {
                ParameterizedType original = (ParameterizedType) toResolve;
                Type ownerType = original.getOwnerType();
                Type newOwnerType = resolve(context, contextRawType, ownerType, visitedTypeVariables);
                boolean changed = newOwnerType != ownerType;
                Type[] args = original.getActualTypeArguments();
                for (int t = 0, length = args.length; t < length; t++) {
                    Type resolvedTypeArgument = resolve(context, contextRawType, args[t], visitedTypeVariables);
                    if (resolvedTypeArgument != args[t]) {
                        if (!changed) {
                            args = args.clone();
                            changed = true;
                        }
                        args[t] = resolvedTypeArgument;
                    }
                }
                return changed ? newParameterizedTypeWithOwner(newOwnerType, original.getRawType(), args) : original;
            } else if (toResolve instanceof WildcardType) {
                WildcardType original = (WildcardType) toResolve;
                Type[] originalLowerBound = original.getLowerBounds();
                Type[] originalUpperBound = original.getUpperBounds();
                if (originalLowerBound.length == 1) {
                    Type lowerBound = resolve(context, contextRawType, originalLowerBound[0], visitedTypeVariables);
                    if (lowerBound != originalLowerBound[0]) {
                        return supertypeOf(lowerBound);
                    }
                } else if (originalUpperBound.length == 1) {
                    Type upperBound = resolve(context, contextRawType, originalUpperBound[0], visitedTypeVariables);
                    if (upperBound != originalUpperBound[0]) {
                        return subtypeOf(upperBound);
                    }
                }
                return original;
            } else {
                return toResolve;
            }
        }
    }

    static Type resolveTypeVariable(Type context, Class<?> contextRawType, TypeVariable<?> unknown) {
        Class<?> declaredByRaw = declaringClassOf(unknown);
        // we can't reduce this further
        if (declaredByRaw == null) {
            return unknown;
        }
        Type declaredBy = getGenericSupertype(context, contextRawType, declaredByRaw);
        if (declaredBy instanceof ParameterizedType) {
            int index = indexOf(declaredByRaw.getTypeParameters(), unknown);
            return ((ParameterizedType) declaredBy).getActualTypeArguments()[index];
        }
        return unknown;
    }

    private static int indexOf(Object[] array, Object toFind) {
        for (int i = 0, length = array.length; i < length; i++) {
            if (toFind.equals(array[i])) {
                return i;
            }
        }
        throw new NoSuchElementException();
    }

    /**
     * Returns the declaring class of {@code typeVariable}, or {@code null} if it was not declared by
     * a class.
     */
    private static Class<?> declaringClassOf(TypeVariable<?> typeVariable) {
        GenericDeclaration genericDeclaration = typeVariable.getGenericDeclaration();
        return genericDeclaration instanceof Class ? (Class<?>) genericDeclaration : null;
    }

    static void checkNotPrimitive(Type type) {
        checkArgument(!(type instanceof Class<?>) || !((Class<?>) type).isPrimitive());
    }

    private static final class ParameterizedTypeImpl implements ParameterizedType, Serializable {

        private final Type ownerType;

        private final Type rawType;

        private final Type[] typeArguments;

        public ParameterizedTypeImpl(Type ownerType, Type rawType, Type... typeArguments) {
            // require an owner type if the raw type needs it
            if (rawType instanceof Class<?>) {
                Class<?> rawTypeAsClass = (Class<?>) rawType;
                boolean isStaticOrTopLevelClass = Modifier.isStatic(rawTypeAsClass.getModifiers()) || rawTypeAsClass.getEnclosingClass() == null;
                checkArgument(ownerType != null || isStaticOrTopLevelClass);
            }
            this.ownerType = ownerType == null ? null : canonicalize(ownerType);
            this.rawType = canonicalize(rawType);
            this.typeArguments = typeArguments.clone();
            for (int t = 0, length = this.typeArguments.length; t < length; t++) {
                checkNotNull(this.typeArguments[t]);
                checkNotPrimitive(this.typeArguments[t]);
                this.typeArguments[t] = canonicalize(this.typeArguments[t]);
            }
        }

        public Type[] getActualTypeArguments() {
            return typeArguments.clone();
        }

        public Type getRawType() {
            return rawType;
        }

        public Type getOwnerType() {
            return ownerType;
        }

        @Override
        public boolean equals(Object other) {
            return other instanceof ParameterizedType && $Gson$Types.equals(this, (ParameterizedType) other);
        }

        @Override
        public int hashCode() {
            return Arrays.hashCode(typeArguments) ^ rawType.hashCode() ^ hashCodeOrZero(ownerType);
        }

        @Override
        public String toString() {
            int length = typeArguments.length;
            if (length == 0) {
                return typeToString(rawType);
            }
            StringBuilder stringBuilder = new StringBuilder(30 * (length + 1));
            stringBuilder.append(typeToString(rawType)).append("<").append(typeToString(typeArguments[0]));
            for (int i = 1; i < length; i++) {
                stringBuilder.append(", ").append(typeToString(typeArguments[i]));
            }
            return stringBuilder.append(">").toString();
        }

        private static final long serialVersionUID = 0;
    }

    private static final class GenericArrayTypeImpl implements GenericArrayType, Serializable {

        private final Type componentType;

        public GenericArrayTypeImpl(Type componentType) {
            this.componentType = canonicalize(componentType);
        }

        public Type getGenericComponentType() {
            return componentType;
        }

        @Override
        public boolean equals(Object o) {
            return o instanceof GenericArrayType && $Gson$Types.equals(this, (GenericArrayType) o);
        }

        @Override
        public int hashCode() {
            return componentType.hashCode();
        }

        @Override
        public String toString() {
            return typeToString(componentType) + "[]";
        }

        private static final long serialVersionUID = 0;
    }

    /**
     * The WildcardType interface supports multiple upper bounds and multiple lower bounds. We only
     * support what the Java 6 language needs - at most one bound. If a lower bound is set, the upper
     * bound must be Object.class.
     */
    private static final class WildcardTypeImpl implements WildcardType, Serializable {

        private final Type upperBound;

        private final Type lowerBound;

        public WildcardTypeImpl(Type[] upperBounds, Type[] lowerBounds) {
            checkArgument(lowerBounds.length <= 1);
            checkArgument(upperBounds.length == 1);
            if (lowerBounds.length == 1) {
                checkNotNull(lowerBounds[0]);
                checkNotPrimitive(lowerBounds[0]);
                checkArgument(upperBounds[0] == Object.class);
                this.lowerBound = canonicalize(lowerBounds[0]);
                this.upperBound = Object.class;
            } else {
                checkNotNull(upperBounds[0]);
                checkNotPrimitive(upperBounds[0]);
                this.lowerBound = null;
                this.upperBound = canonicalize(upperBounds[0]);
            }
        }

        public Type[] getUpperBounds() {
            return new Type[] { upperBound };
        }

        public Type[] getLowerBounds() {
            return lowerBound != null ? new Type[] { lowerBound } : EMPTY_TYPE_ARRAY;
        }

        @Override
        public boolean equals(Object other) {
            return other instanceof WildcardType && $Gson$Types.equals(this, (WildcardType) other);
        }

        @Override
        public int hashCode() {
            // this equals Arrays.hashCode(getLowerBounds()) ^ Arrays.hashCode(getUpperBounds());
            return (lowerBound != null ? 31 + lowerBound.hashCode() : 1) ^ (31 + upperBound.hashCode());
        }

        @Override
        public String toString() {
            if (lowerBound != null) {
                return "? super " + typeToString(lowerBound);
            } else if (upperBound == Object.class) {
                return "?";
            } else {
                return "? extends " + typeToString(upperBound);
            }
        }

        private static final long serialVersionUID = 0;
    }
}

If the class is in generated code or otherwise not present in the source, this is expected and this message can be safely ignored. If you do see the class on the source code, please report this bug at: https://github.com/nimakarimipour/NullAwayAnnotator/issues. Thank you!
Preprocessing...
Annotating...false
Loading cache from /home/vscode/nullness-benchmarks/gson/annotator-out/response_cache
Loaded 0 entries from cache.
Loading cache from /home/vscode/nullness-benchmarks/gson/annotator-out/response_cache
Loaded 0 entries from cache.
Max Depth level: 1
Analyzing at level 1, Scheduling for: 1 builds for: 8 fixes
Processing 100% [====================================] 1/1 (0:00:00 / 0:00:00) Could not find class of type: Top-Level with name:  on Cursor:
/**
 * Copyright (C) 2008 Google Inc.
 *
 * <p>Licensed under the Apache License, Version 2.0 (the "License"); you may not use this file
 * except in compliance with the License. You may obtain a copy of the License at
 *
 * <p>http://www.apache.org/licenses/LICENSE-2.0
 *
 * <p>Unless required by applicable law or agreed to in writing, software distributed under the
 * License is distributed on an "AS IS" BASIS, WITHOUT WARRANTIES OR CONDITIONS OF ANY KIND, either
 * express or implied. See the License for the specific language governing permissions and
 * limitations under the License.
 */
package com.google.gson.internal;

import static com.google.gson.internal.$Gson$Preconditions.checkArgument;
import static com.google.gson.internal.$Gson$Preconditions.checkNotNull;
import java.io.Serializable;
import java.lang.reflect.Array;
import java.lang.reflect.GenericArrayType;
import java.lang.reflect.GenericDeclaration;
import java.lang.reflect.Modifier;
import java.lang.reflect.ParameterizedType;
import java.lang.reflect.Type;
import java.lang.reflect.TypeVariable;
import java.lang.reflect.WildcardType;
import java.util.*;

/**
 * Static methods for working with types.
 *
 * @author Bob Lee
 * @author Jesse Wilson
 */
public final class $Gson$Types {

    static final Type[] EMPTY_TYPE_ARRAY = new Type[] {};

    private $Gson$Types() {
        throw new UnsupportedOperationException();
    }

    /**
     * Returns a new parameterized type, applying {@code typeArguments} to {@code rawType} and
     * enclosed by {@code ownerType}.
     *
     * @return a {@link java.io.Serializable serializable} parameterized type.
     */
    public static ParameterizedType newParameterizedTypeWithOwner(Type ownerType, Type rawType, Type... typeArguments) {
        return new ParameterizedTypeImpl(ownerType, rawType, typeArguments);
    }

    /**
     * Returns an array type whose elements are all instances of {@code componentType}.
     *
     * @return a {@link java.io.Serializable serializable} generic array type.
     */
    public static GenericArrayType arrayOf(Type componentType) {
        return new GenericArrayTypeImpl(componentType);
    }

    /**
     * Returns a type that represents an unknown type that extends {@code bound}. For example, if
     * {@code bound} is {@code CharSequence.class}, this returns {@code ? extends CharSequence}. If
     * {@code bound} is {@code Object.class}, this returns {@code ?}, which is shorthand for {@code ?
     * extends Object}.
     */
    public static WildcardType subtypeOf(Type bound) {
        Type[] upperBounds;
        if (bound instanceof WildcardType) {
            upperBounds = ((WildcardType) bound).getUpperBounds();
        } else {
            upperBounds = new Type[] { bound };
        }
        return new WildcardTypeImpl(upperBounds, EMPTY_TYPE_ARRAY);
    }

    /**
     * Returns a type that represents an unknown supertype of {@code bound}. For example, if {@code
     * bound} is {@code String.class}, this returns {@code ? super String}.
     */
    public static WildcardType supertypeOf(Type bound) {
        Type[] lowerBounds;
        if (bound instanceof WildcardType) {
            lowerBounds = ((WildcardType) bound).getLowerBounds();
        } else {
            lowerBounds = new Type[] { bound };
        }
        return new WildcardTypeImpl(new Type[] { Object.class }, lowerBounds);
    }

    /**
     * Returns a type that is functionally equal but not necessarily equal according to {@link
     * Object#equals(Object) Object.equals()}. The returned type is {@link java.io.Serializable}.
     */
    public static Type canonicalize(Type type) {
        if (type instanceof Class) {
            Class<?> c = (Class<?>) type;
            return c.isArray() ? new GenericArrayTypeImpl(canonicalize(c.getComponentType())) : c;
        } else if (type instanceof ParameterizedType) {
            ParameterizedType p = (ParameterizedType) type;
            return new ParameterizedTypeImpl(p.getOwnerType(), p.getRawType(), p.getActualTypeArguments());
        } else if (type instanceof GenericArrayType) {
            GenericArrayType g = (GenericArrayType) type;
            return new GenericArrayTypeImpl(g.getGenericComponentType());
        } else if (type instanceof WildcardType) {
            WildcardType w = (WildcardType) type;
            return new WildcardTypeImpl(w.getUpperBounds(), w.getLowerBounds());
        } else {
            // type is either serializable as-is or unsupported
            return type;
        }
    }

    public static Class<?> getRawType(Type type) {
        if (type instanceof Class<?>) {
            // type is a normal class.
            return (Class<?>) type;
        } else if (type instanceof ParameterizedType) {
            ParameterizedType parameterizedType = (ParameterizedType) type;
            // I'm not exactly sure why getRawType() returns Type instead of Class.
            // Neal isn't either but suspects some pathological case related
            // to nested classes exists.
            Type rawType = parameterizedType.getRawType();
            checkArgument(rawType instanceof Class);
            return (Class<?>) rawType;
        } else if (type instanceof GenericArrayType) {
            Type componentType = ((GenericArrayType) type).getGenericComponentType();
            return Array.newInstance(getRawType(componentType), 0).getClass();
        } else if (type instanceof TypeVariable) {
            // we could use the variable's bounds, but that won't work if there are multiple.
            // having a raw type that's more general than necessary is okay
            return Object.class;
        } else if (type instanceof WildcardType) {
            return getRawType(((WildcardType) type).getUpperBounds()[0]);
        } else {
            String className = type == null ? "null" : type.getClass().getName();
            throw new IllegalArgumentException("Expected a Class, ParameterizedType, or " + "GenericArrayType, but <" + type + "> is of type " + className);
        }
    }

    static boolean equal(Object a, Object b) {
        return a == b || (a != null && a.equals(b));
    }

    /**
     * Returns true if {@code a} and {@code b} are equal.
     */
    public static boolean equals(Type a, Type b) {
        if (a == b) {
            // also handles (a == null && b == null)
            return true;
        } else if (a instanceof Class) {
            // Class already specifies equals().
            return a.equals(b);
        } else if (a instanceof ParameterizedType) {
            if (!(b instanceof ParameterizedType)) {
                return false;
            }
            // TODO: save a .clone() call
            ParameterizedType pa = (ParameterizedType) a;
            ParameterizedType pb = (ParameterizedType) b;
            return equal(pa.getOwnerType(), pb.getOwnerType()) && pa.getRawType().equals(pb.getRawType()) && Arrays.equals(pa.getActualTypeArguments(), pb.getActualTypeArguments());
        } else if (a instanceof GenericArrayType) {
            if (!(b instanceof GenericArrayType)) {
                return false;
            }
            GenericArrayType ga = (GenericArrayType) a;
            GenericArrayType gb = (GenericArrayType) b;
            return equals(ga.getGenericComponentType(), gb.getGenericComponentType());
        } else if (a instanceof WildcardType) {
            if (!(b instanceof WildcardType)) {
                return false;
            }
            WildcardType wa = (WildcardType) a;
            WildcardType wb = (WildcardType) b;
            return Arrays.equals(wa.getUpperBounds(), wb.getUpperBounds()) && Arrays.equals(wa.getLowerBounds(), wb.getLowerBounds());
        } else if (a instanceof TypeVariable) {
            if (!(b instanceof TypeVariable)) {
                return false;
            }
            TypeVariable<?> va = (TypeVariable<?>) a;
            TypeVariable<?> vb = (TypeVariable<?>) b;
            return va.getGenericDeclaration() == vb.getGenericDeclaration() && va.getName().equals(vb.getName());
        } else {
            // This isn't a type we support. Could be a generic array type, wildcard type, etc.
            return false;
        }
    }

    static int hashCodeOrZero(Object o) {
        return o != null ? o.hashCode() : 0;
    }

    public static String typeToString(Type type) {
        return type instanceof Class ? ((Class<?>) type).getName() : type.toString();
    }

    /**
     * Returns the generic supertype for {@code supertype}. For example, given a class {@code
     * IntegerSet}, the result for when supertype is {@code Set.class} is {@code Set<Integer>} and the
     * result when the supertype is {@code Collection.class} is {@code Collection<Integer>}.
     */
    static Type getGenericSupertype(Type context, Class<?> rawType, Class<?> toResolve) {
        if (toResolve == rawType) {
            return context;
        }
        // we skip searching through interfaces if unknown is an interface
        if (toResolve.isInterface()) {
            Class<?>[] interfaces = rawType.getInterfaces();
            for (int i = 0, length = interfaces.length; i < length; i++) {
                if (interfaces[i] == toResolve) {
                    return rawType.getGenericInterfaces()[i];
                } else if (toResolve.isAssignableFrom(interfaces[i])) {
                    return getGenericSupertype(rawType.getGenericInterfaces()[i], interfaces[i], toResolve);
                }
            }
        }
        // check our supertypes
        if (!rawType.isInterface()) {
            while (rawType != Object.class) {
                Class<?> rawSupertype = rawType.getSuperclass();
                if (rawSupertype == toResolve) {
                    return rawType.getGenericSuperclass();
                } else if (toResolve.isAssignableFrom(rawSupertype)) {
                    return getGenericSupertype(rawType.getGenericSuperclass(), rawSupertype, toResolve);
                }
                rawType = rawSupertype;
            }
        }
        // we can't resolve this further
        return toResolve;
    }

    /**
     * Returns the generic form of {@code supertype}. For example, if this is {@code
     * ArrayList<String>}, this returns {@code Iterable<String>} given the input {@code
     * Iterable.class}.
     *
     * @param supertype a superclass of, or interface implemented by, this.
     */
    static Type getSupertype(Type context, Class<?> contextRawType, Class<?> supertype) {
        if (context instanceof WildcardType) {
            // wildcards are useless for resolving supertypes. As the upper bound has the same raw type,
            // use it instead
            context = ((WildcardType) context).getUpperBounds()[0];
        }
        checkArgument(supertype.isAssignableFrom(contextRawType));
        return resolve(context, contextRawType, $Gson$Types.getGenericSupertype(context, contextRawType, supertype));
    }

    /**
     * Returns the component type of this array type.
     *
     * @throws ClassCastException if this type is not an array.
     */
    public static Type getArrayComponentType(Type array) {
        return array instanceof GenericArrayType ? ((GenericArrayType) array).getGenericComponentType() : ((Class<?>) array).getComponentType();
    }

    /**
     * Returns the element type of this collection type.
     *
     * @throws IllegalArgumentException if this type is not a collection.
     */
    public static Type getCollectionElementType(Type context, Class<?> contextRawType) {
        Type collectionType = getSupertype(context, contextRawType, Collection.class);
        if (collectionType instanceof WildcardType) {
            collectionType = ((WildcardType) collectionType).getUpperBounds()[0];
        }
        if (collectionType instanceof ParameterizedType) {
            return ((ParameterizedType) collectionType).getActualTypeArguments()[0];
        }
        return Object.class;
    }

    /**
     * Returns a two element array containing this map's key and value types in positions 0 and 1
     * respectively.
     */
    public static Type[] getMapKeyAndValueTypes(Type context, Class<?> contextRawType) {
        /*
     * Work around a problem with the declaration of java.util.Properties. That
     * class should extend Hashtable<String, String>, but it's declared to
     * extend Hashtable<Object, Object>.
     */
        if (context == Properties.class) {
            // TODO: test subclasses of Properties!
            return new Type[] { String.class, String.class };
        }
        Type mapType = getSupertype(context, contextRawType, Map.class);
        // TODO: strip wildcards?
        if (mapType instanceof ParameterizedType) {
            ParameterizedType mapParameterizedType = (ParameterizedType) mapType;
            return mapParameterizedType.getActualTypeArguments();
        }
        return new Type[] { Object.class, Object.class };
    }

    public static Type resolve(Type context, Class<?> contextRawType, Type toResolve) {
        return resolve(context, contextRawType, toResolve, new HashSet<TypeVariable>());
    }

    private static Type resolve(Type context, Class<?> contextRawType, Type toResolve, Collection<TypeVariable> visitedTypeVariables) {
        // this implementation is made a little more complicated in an attempt to avoid object-creation
        while (true) {
            if (toResolve instanceof TypeVariable) {
                TypeVariable<?> typeVariable = (TypeVariable<?>) toResolve;
                if (visitedTypeVariables.contains(typeVariable)) {
                    // cannot reduce due to infinite recursion
                    return toResolve;
                } else {
                    visitedTypeVariables.add(typeVariable);
                }
                toResolve = resolveTypeVariable(context, contextRawType, typeVariable);
                if (toResolve == typeVariable) {
                    return toResolve;
                }
            } else if (toResolve instanceof Class && ((Class<?>) toResolve).isArray()) {
                Class<?> original = (Class<?>) toResolve;
                Type componentType = original.getComponentType();
                Type newComponentType = resolve(context, contextRawType, componentType, visitedTypeVariables);
                return componentType == newComponentType ? original : arrayOf(newComponentType);
            } else if (toResolve instanceof GenericArrayType) {
                GenericArrayType original = (GenericArrayType) toResolve;
                Type componentType = original.getGenericComponentType();
                Type newComponentType = resolve(context, contextRawType, componentType, visitedTypeVariables);
                return componentType == newComponentType ? original : arrayOf(newComponentType);
            } else if (toResolve instanceof ParameterizedType) {
                ParameterizedType original = (ParameterizedType) toResolve;
                Type ownerType = original.getOwnerType();
                Type newOwnerType = resolve(context, contextRawType, ownerType, visitedTypeVariables);
                boolean changed = newOwnerType != ownerType;
                Type[] args = original.getActualTypeArguments();
                for (int t = 0, length = args.length; t < length; t++) {
                    Type resolvedTypeArgument = resolve(context, contextRawType, args[t], visitedTypeVariables);
                    if (resolvedTypeArgument != args[t]) {
                        if (!changed) {
                            args = args.clone();
                            changed = true;
                        }
                        args[t] = resolvedTypeArgument;
                    }
                }
                return changed ? newParameterizedTypeWithOwner(newOwnerType, original.getRawType(), args) : original;
            } else if (toResolve instanceof WildcardType) {
                WildcardType original = (WildcardType) toResolve;
                Type[] originalLowerBound = original.getLowerBounds();
                Type[] originalUpperBound = original.getUpperBounds();
                if (originalLowerBound.length == 1) {
                    Type lowerBound = resolve(context, contextRawType, originalLowerBound[0], visitedTypeVariables);
                    if (lowerBound != originalLowerBound[0]) {
                        return supertypeOf(lowerBound);
                    }
                } else if (originalUpperBound.length == 1) {
                    Type upperBound = resolve(context, contextRawType, originalUpperBound[0], visitedTypeVariables);
                    if (upperBound != originalUpperBound[0]) {
                        return subtypeOf(upperBound);
                    }
                }
                return original;
            } else {
                return toResolve;
            }
        }
    }

    static Type resolveTypeVariable(Type context, Class<?> contextRawType, TypeVariable<?> unknown) {
        Class<?> declaredByRaw = declaringClassOf(unknown);
        // we can't reduce this further
        if (declaredByRaw == null) {
            return unknown;
        }
        Type declaredBy = getGenericSupertype(context, contextRawType, declaredByRaw);
        if (declaredBy instanceof ParameterizedType) {
            int index = indexOf(declaredByRaw.getTypeParameters(), unknown);
            return ((ParameterizedType) declaredBy).getActualTypeArguments()[index];
        }
        return unknown;
    }

    private static int indexOf(Object[] array, Object toFind) {
        for (int i = 0, length = array.length; i < length; i++) {
            if (toFind.equals(array[i])) {
                return i;
            }
        }
        throw new NoSuchElementException();
    }

    /**
     * Returns the declaring class of {@code typeVariable}, or {@code null} if it was not declared by
     * a class.
     */
    private static Class<?> declaringClassOf(TypeVariable<?> typeVariable) {
        GenericDeclaration genericDeclaration = typeVariable.getGenericDeclaration();
        return genericDeclaration instanceof Class ? (Class<?>) genericDeclaration : null;
    }

    static void checkNotPrimitive(Type type) {
        checkArgument(!(type instanceof Class<?>) || !((Class<?>) type).isPrimitive());
    }

    private static final class ParameterizedTypeImpl implements ParameterizedType, Serializable {

        private final Type ownerType;

        private final Type rawType;

        private final Type[] typeArguments;

        public ParameterizedTypeImpl(Type ownerType, Type rawType, Type... typeArguments) {
            // require an owner type if the raw type needs it
            if (rawType instanceof Class<?>) {
                Class<?> rawTypeAsClass = (Class<?>) rawType;
                boolean isStaticOrTopLevelClass = Modifier.isStatic(rawTypeAsClass.getModifiers()) || rawTypeAsClass.getEnclosingClass() == null;
                checkArgument(ownerType != null || isStaticOrTopLevelClass);
            }
            this.ownerType = ownerType == null ? null : canonicalize(ownerType);
            this.rawType = canonicalize(rawType);
            this.typeArguments = typeArguments.clone();
            for (int t = 0, length = this.typeArguments.length; t < length; t++) {
                checkNotNull(this.typeArguments[t]);
                checkNotPrimitive(this.typeArguments[t]);
                this.typeArguments[t] = canonicalize(this.typeArguments[t]);
            }
        }

        public Type[] getActualTypeArguments() {
            return typeArguments.clone();
        }

        public Type getRawType() {
            return rawType;
        }

        public Type getOwnerType() {
            return ownerType;
        }

        @Override
        public boolean equals(Object other) {
            return other instanceof ParameterizedType && $Gson$Types.equals(this, (ParameterizedType) other);
        }

        @Override
        public int hashCode() {
            return Arrays.hashCode(typeArguments) ^ rawType.hashCode() ^ hashCodeOrZero(ownerType);
        }

        @Override
        public String toString() {
            int length = typeArguments.length;
            if (length == 0) {
                return typeToString(rawType);
            }
            StringBuilder stringBuilder = new StringBuilder(30 * (length + 1));
            stringBuilder.append(typeToString(rawType)).append("<").append(typeToString(typeArguments[0]));
            for (int i = 1; i < length; i++) {
                stringBuilder.append(", ").append(typeToString(typeArguments[i]));
            }
            return stringBuilder.append(">").toString();
        }

        private static final long serialVersionUID = 0;
    }

    private static final class GenericArrayTypeImpl implements GenericArrayType, Serializable {

        private final Type componentType;

        public GenericArrayTypeImpl(Type componentType) {
            this.componentType = canonicalize(componentType);
        }

        public Type getGenericComponentType() {
            return componentType;
        }

        @Override
        public boolean equals(Object o) {
            return o instanceof GenericArrayType && $Gson$Types.equals(this, (GenericArrayType) o);
        }

        @Override
        public int hashCode() {
            return componentType.hashCode();
        }

        @Override
        public String toString() {
            return typeToString(componentType) + "[]";
        }

        private static final long serialVersionUID = 0;
    }

    /**
     * The WildcardType interface supports multiple upper bounds and multiple lower bounds. We only
     * support what the Java 6 language needs - at most one bound. If a lower bound is set, the upper
     * bound must be Object.class.
     */
    private static final class WildcardTypeImpl implements WildcardType, Serializable {

        private final Type upperBound;

        private final Type lowerBound;

        public WildcardTypeImpl(Type[] upperBounds, Type[] lowerBounds) {
            checkArgument(lowerBounds.length <= 1);
            checkArgument(upperBounds.length == 1);
            if (lowerBounds.length == 1) {
                checkNotNull(lowerBounds[0]);
                checkNotPrimitive(lowerBounds[0]);
                checkArgument(upperBounds[0] == Object.class);
                this.lowerBound = canonicalize(lowerBounds[0]);
                this.upperBound = Object.class;
            } else {
                checkNotNull(upperBounds[0]);
                checkNotPrimitive(upperBounds[0]);
                this.lowerBound = null;
                this.upperBound = canonicalize(upperBounds[0]);
            }
        }

        public Type[] getUpperBounds() {
            return new Type[] { upperBound };
        }

        public Type[] getLowerBounds() {
            return lowerBound != null ? new Type[] { lowerBound } : EMPTY_TYPE_ARRAY;
        }

        @Override
        public boolean equals(Object other) {
            return other instanceof WildcardType && $Gson$Types.equals(this, (WildcardType) other);
        }

        @Override
        public int hashCode() {
            // this equals Arrays.hashCode(getLowerBounds()) ^ Arrays.hashCode(getUpperBounds());
            return (lowerBound != null ? 31 + lowerBound.hashCode() : 1) ^ (31 + upperBound.hashCode());
        }

        @Override
        public String toString() {
            if (lowerBound != null) {
                return "? super " + typeToString(lowerBound);
            } else if (upperBound == Object.class) {
                return "?";
            } else {
                return "? extends " + typeToString(upperBound);
            }
        }

        private static final long serialVersionUID = 0;
    }
}

If the class is in generated code or otherwise not present in the source, this is expected and this message can be safely ignored. If you do see the class on the source code, please report this bug at: https://github.com/nimakarimipour/NullAwayAnnotator/issues. Thank you!
Could not find class of type: Top-Level with name:  on Cursor:
/**
 * Copyright (C) 2008 Google Inc.
 *
 * <p>Licensed under the Apache License, Version 2.0 (the "License"); you may not use this file
 * except in compliance with the License. You may obtain a copy of the License at
 *
 * <p>http://www.apache.org/licenses/LICENSE-2.0
 *
 * <p>Unless required by applicable law or agreed to in writing, software distributed under the
 * License is distributed on an "AS IS" BASIS, WITHOUT WARRANTIES OR CONDITIONS OF ANY KIND, either
 * express or implied. See the License for the specific language governing permissions and
 * limitations under the License.
 */
package com.google.gson.internal;

import static com.google.gson.internal.$Gson$Preconditions.checkArgument;
import static com.google.gson.internal.$Gson$Preconditions.checkNotNull;
import java.io.Serializable;
import java.lang.reflect.Array;
import java.lang.reflect.GenericArrayType;
import java.lang.reflect.GenericDeclaration;
import java.lang.reflect.Modifier;
import java.lang.reflect.ParameterizedType;
import java.lang.reflect.Type;
import java.lang.reflect.TypeVariable;
import java.lang.reflect.WildcardType;
import java.util.*;

/**
 * Static methods for working with types.
 *
 * @author Bob Lee
 * @author Jesse Wilson
 */
public final class $Gson$Types {

    static final Type[] EMPTY_TYPE_ARRAY = new Type[] {};

    private $Gson$Types() {
        throw new UnsupportedOperationException();
    }

    /**
     * Returns a new parameterized type, applying {@code typeArguments} to {@code rawType} and
     * enclosed by {@code ownerType}.
     *
     * @return a {@link java.io.Serializable serializable} parameterized type.
     */
    public static ParameterizedType newParameterizedTypeWithOwner(Type ownerType, Type rawType, Type... typeArguments) {
        return new ParameterizedTypeImpl(ownerType, rawType, typeArguments);
    }

    /**
     * Returns an array type whose elements are all instances of {@code componentType}.
     *
     * @return a {@link java.io.Serializable serializable} generic array type.
     */
    public static GenericArrayType arrayOf(Type componentType) {
        return new GenericArrayTypeImpl(componentType);
    }

    /**
     * Returns a type that represents an unknown type that extends {@code bound}. For example, if
     * {@code bound} is {@code CharSequence.class}, this returns {@code ? extends CharSequence}. If
     * {@code bound} is {@code Object.class}, this returns {@code ?}, which is shorthand for {@code ?
     * extends Object}.
     */
    public static WildcardType subtypeOf(Type bound) {
        Type[] upperBounds;
        if (bound instanceof WildcardType) {
            upperBounds = ((WildcardType) bound).getUpperBounds();
        } else {
            upperBounds = new Type[] { bound };
        }
        return new WildcardTypeImpl(upperBounds, EMPTY_TYPE_ARRAY);
    }

    /**
     * Returns a type that represents an unknown supertype of {@code bound}. For example, if {@code
     * bound} is {@code String.class}, this returns {@code ? super String}.
     */
    public static WildcardType supertypeOf(Type bound) {
        Type[] lowerBounds;
        if (bound instanceof WildcardType) {
            lowerBounds = ((WildcardType) bound).getLowerBounds();
        } else {
            lowerBounds = new Type[] { bound };
        }
        return new WildcardTypeImpl(new Type[] { Object.class }, lowerBounds);
    }

    /**
     * Returns a type that is functionally equal but not necessarily equal according to {@link
     * Object#equals(Object) Object.equals()}. The returned type is {@link java.io.Serializable}.
     */
    public static Type canonicalize(Type type) {
        if (type instanceof Class) {
            Class<?> c = (Class<?>) type;
            return c.isArray() ? new GenericArrayTypeImpl(canonicalize(c.getComponentType())) : c;
        } else if (type instanceof ParameterizedType) {
            ParameterizedType p = (ParameterizedType) type;
            return new ParameterizedTypeImpl(p.getOwnerType(), p.getRawType(), p.getActualTypeArguments());
        } else if (type instanceof GenericArrayType) {
            GenericArrayType g = (GenericArrayType) type;
            return new GenericArrayTypeImpl(g.getGenericComponentType());
        } else if (type instanceof WildcardType) {
            WildcardType w = (WildcardType) type;
            return new WildcardTypeImpl(w.getUpperBounds(), w.getLowerBounds());
        } else {
            // type is either serializable as-is or unsupported
            return type;
        }
    }

    public static Class<?> getRawType(Type type) {
        if (type instanceof Class<?>) {
            // type is a normal class.
            return (Class<?>) type;
        } else if (type instanceof ParameterizedType) {
            ParameterizedType parameterizedType = (ParameterizedType) type;
            // I'm not exactly sure why getRawType() returns Type instead of Class.
            // Neal isn't either but suspects some pathological case related
            // to nested classes exists.
            Type rawType = parameterizedType.getRawType();
            checkArgument(rawType instanceof Class);
            return (Class<?>) rawType;
        } else if (type instanceof GenericArrayType) {
            Type componentType = ((GenericArrayType) type).getGenericComponentType();
            return Array.newInstance(getRawType(componentType), 0).getClass();
        } else if (type instanceof TypeVariable) {
            // we could use the variable's bounds, but that won't work if there are multiple.
            // having a raw type that's more general than necessary is okay
            return Object.class;
        } else if (type instanceof WildcardType) {
            return getRawType(((WildcardType) type).getUpperBounds()[0]);
        } else {
            String className = type == null ? "null" : type.getClass().getName();
            throw new IllegalArgumentException("Expected a Class, ParameterizedType, or " + "GenericArrayType, but <" + type + "> is of type " + className);
        }
    }

    static boolean equal(Object a, Object b) {
        return a == b || (a != null && a.equals(b));
    }

    /**
     * Returns true if {@code a} and {@code b} are equal.
     */
    public static boolean equals(Type a, Type b) {
        if (a == b) {
            // also handles (a == null && b == null)
            return true;
        } else if (a instanceof Class) {
            // Class already specifies equals().
            return a.equals(b);
        } else if (a instanceof ParameterizedType) {
            if (!(b instanceof ParameterizedType)) {
                return false;
            }
            // TODO: save a .clone() call
            ParameterizedType pa = (ParameterizedType) a;
            ParameterizedType pb = (ParameterizedType) b;
            return equal(pa.getOwnerType(), pb.getOwnerType()) && pa.getRawType().equals(pb.getRawType()) && Arrays.equals(pa.getActualTypeArguments(), pb.getActualTypeArguments());
        } else if (a instanceof GenericArrayType) {
            if (!(b instanceof GenericArrayType)) {
                return false;
            }
            GenericArrayType ga = (GenericArrayType) a;
            GenericArrayType gb = (GenericArrayType) b;
            return equals(ga.getGenericComponentType(), gb.getGenericComponentType());
        } else if (a instanceof WildcardType) {
            if (!(b instanceof WildcardType)) {
                return false;
            }
            WildcardType wa = (WildcardType) a;
            WildcardType wb = (WildcardType) b;
            return Arrays.equals(wa.getUpperBounds(), wb.getUpperBounds()) && Arrays.equals(wa.getLowerBounds(), wb.getLowerBounds());
        } else if (a instanceof TypeVariable) {
            if (!(b instanceof TypeVariable)) {
                return false;
            }
            TypeVariable<?> va = (TypeVariable<?>) a;
            TypeVariable<?> vb = (TypeVariable<?>) b;
            return va.getGenericDeclaration() == vb.getGenericDeclaration() && va.getName().equals(vb.getName());
        } else {
            // This isn't a type we support. Could be a generic array type, wildcard type, etc.
            return false;
        }
    }

    static int hashCodeOrZero(Object o) {
        return o != null ? o.hashCode() : 0;
    }

    public static String typeToString(Type type) {
        return type instanceof Class ? ((Class<?>) type).getName() : type.toString();
    }

    /**
     * Returns the generic supertype for {@code supertype}. For example, given a class {@code
     * IntegerSet}, the result for when supertype is {@code Set.class} is {@code Set<Integer>} and the
     * result when the supertype is {@code Collection.class} is {@code Collection<Integer>}.
     */
    static Type getGenericSupertype(Type context, Class<?> rawType, Class<?> toResolve) {
        if (toResolve == rawType) {
            return context;
        }
        // we skip searching through interfaces if unknown is an interface
        if (toResolve.isInterface()) {
            Class<?>[] interfaces = rawType.getInterfaces();
            for (int i = 0, length = interfaces.length; i < length; i++) {
                if (interfaces[i] == toResolve) {
                    return rawType.getGenericInterfaces()[i];
                } else if (toResolve.isAssignableFrom(interfaces[i])) {
                    return getGenericSupertype(rawType.getGenericInterfaces()[i], interfaces[i], toResolve);
                }
            }
        }
        // check our supertypes
        if (!rawType.isInterface()) {
            while (rawType != Object.class) {
                Class<?> rawSupertype = rawType.getSuperclass();
                if (rawSupertype == toResolve) {
                    return rawType.getGenericSuperclass();
                } else if (toResolve.isAssignableFrom(rawSupertype)) {
                    return getGenericSupertype(rawType.getGenericSuperclass(), rawSupertype, toResolve);
                }
                rawType = rawSupertype;
            }
        }
        // we can't resolve this further
        return toResolve;
    }

    /**
     * Returns the generic form of {@code supertype}. For example, if this is {@code
     * ArrayList<String>}, this returns {@code Iterable<String>} given the input {@code
     * Iterable.class}.
     *
     * @param supertype a superclass of, or interface implemented by, this.
     */
    static Type getSupertype(Type context, Class<?> contextRawType, Class<?> supertype) {
        if (context instanceof WildcardType) {
            // wildcards are useless for resolving supertypes. As the upper bound has the same raw type,
            // use it instead
            context = ((WildcardType) context).getUpperBounds()[0];
        }
        checkArgument(supertype.isAssignableFrom(contextRawType));
        return resolve(context, contextRawType, $Gson$Types.getGenericSupertype(context, contextRawType, supertype));
    }

    /**
     * Returns the component type of this array type.
     *
     * @throws ClassCastException if this type is not an array.
     */
    public static Type getArrayComponentType(Type array) {
        return array instanceof GenericArrayType ? ((GenericArrayType) array).getGenericComponentType() : ((Class<?>) array).getComponentType();
    }

    /**
     * Returns the element type of this collection type.
     *
     * @throws IllegalArgumentException if this type is not a collection.
     */
    public static Type getCollectionElementType(Type context, Class<?> contextRawType) {
        Type collectionType = getSupertype(context, contextRawType, Collection.class);
        if (collectionType instanceof WildcardType) {
            collectionType = ((WildcardType) collectionType).getUpperBounds()[0];
        }
        if (collectionType instanceof ParameterizedType) {
            return ((ParameterizedType) collectionType).getActualTypeArguments()[0];
        }
        return Object.class;
    }

    /**
     * Returns a two element array containing this map's key and value types in positions 0 and 1
     * respectively.
     */
    public static Type[] getMapKeyAndValueTypes(Type context, Class<?> contextRawType) {
        /*
     * Work around a problem with the declaration of java.util.Properties. That
     * class should extend Hashtable<String, String>, but it's declared to
     * extend Hashtable<Object, Object>.
     */
        if (context == Properties.class) {
            // TODO: test subclasses of Properties!
            return new Type[] { String.class, String.class };
        }
        Type mapType = getSupertype(context, contextRawType, Map.class);
        // TODO: strip wildcards?
        if (mapType instanceof ParameterizedType) {
            ParameterizedType mapParameterizedType = (ParameterizedType) mapType;
            return mapParameterizedType.getActualTypeArguments();
        }
        return new Type[] { Object.class, Object.class };
    }

    public static Type resolve(Type context, Class<?> contextRawType, Type toResolve) {
        return resolve(context, contextRawType, toResolve, new HashSet<TypeVariable>());
    }

    private static Type resolve(Type context, Class<?> contextRawType, Type toResolve, Collection<TypeVariable> visitedTypeVariables) {
        // this implementation is made a little more complicated in an attempt to avoid object-creation
        while (true) {
            if (toResolve instanceof TypeVariable) {
                TypeVariable<?> typeVariable = (TypeVariable<?>) toResolve;
                if (visitedTypeVariables.contains(typeVariable)) {
                    // cannot reduce due to infinite recursion
                    return toResolve;
                } else {
                    visitedTypeVariables.add(typeVariable);
                }
                toResolve = resolveTypeVariable(context, contextRawType, typeVariable);
                if (toResolve == typeVariable) {
                    return toResolve;
                }
            } else if (toResolve instanceof Class && ((Class<?>) toResolve).isArray()) {
                Class<?> original = (Class<?>) toResolve;
                Type componentType = original.getComponentType();
                Type newComponentType = resolve(context, contextRawType, componentType, visitedTypeVariables);
                return componentType == newComponentType ? original : arrayOf(newComponentType);
            } else if (toResolve instanceof GenericArrayType) {
                GenericArrayType original = (GenericArrayType) toResolve;
                Type componentType = original.getGenericComponentType();
                Type newComponentType = resolve(context, contextRawType, componentType, visitedTypeVariables);
                return componentType == newComponentType ? original : arrayOf(newComponentType);
            } else if (toResolve instanceof ParameterizedType) {
                ParameterizedType original = (ParameterizedType) toResolve;
                Type ownerType = original.getOwnerType();
                Type newOwnerType = resolve(context, contextRawType, ownerType, visitedTypeVariables);
                boolean changed = newOwnerType != ownerType;
                Type[] args = original.getActualTypeArguments();
                for (int t = 0, length = args.length; t < length; t++) {
                    Type resolvedTypeArgument = resolve(context, contextRawType, args[t], visitedTypeVariables);
                    if (resolvedTypeArgument != args[t]) {
                        if (!changed) {
                            args = args.clone();
                            changed = true;
                        }
                        args[t] = resolvedTypeArgument;
                    }
                }
                return changed ? newParameterizedTypeWithOwner(newOwnerType, original.getRawType(), args) : original;
            } else if (toResolve instanceof WildcardType) {
                WildcardType original = (WildcardType) toResolve;
                Type[] originalLowerBound = original.getLowerBounds();
                Type[] originalUpperBound = original.getUpperBounds();
                if (originalLowerBound.length == 1) {
                    Type lowerBound = resolve(context, contextRawType, originalLowerBound[0], visitedTypeVariables);
                    if (lowerBound != originalLowerBound[0]) {
                        return supertypeOf(lowerBound);
                    }
                } else if (originalUpperBound.length == 1) {
                    Type upperBound = resolve(context, contextRawType, originalUpperBound[0], visitedTypeVariables);
                    if (upperBound != originalUpperBound[0]) {
                        return subtypeOf(upperBound);
                    }
                }
                return original;
            } else {
                return toResolve;
            }
        }
    }

    static Type resolveTypeVariable(Type context, Class<?> contextRawType, TypeVariable<?> unknown) {
        Class<?> declaredByRaw = declaringClassOf(unknown);
        // we can't reduce this further
        if (declaredByRaw == null) {
            return unknown;
        }
        Type declaredBy = getGenericSupertype(context, contextRawType, declaredByRaw);
        if (declaredBy instanceof ParameterizedType) {
            int index = indexOf(declaredByRaw.getTypeParameters(), unknown);
            return ((ParameterizedType) declaredBy).getActualTypeArguments()[index];
        }
        return unknown;
    }

    private static int indexOf(Object[] array, Object toFind) {
        for (int i = 0, length = array.length; i < length; i++) {
            if (toFind.equals(array[i])) {
                return i;
            }
        }
        throw new NoSuchElementException();
    }

    /**
     * Returns the declaring class of {@code typeVariable}, or {@code null} if it was not declared by
     * a class.
     */
    private static Class<?> declaringClassOf(TypeVariable<?> typeVariable) {
        GenericDeclaration genericDeclaration = typeVariable.getGenericDeclaration();
        return genericDeclaration instanceof Class ? (Class<?>) genericDeclaration : null;
    }

    static void checkNotPrimitive(Type type) {
        checkArgument(!(type instanceof Class<?>) || !((Class<?>) type).isPrimitive());
    }

    private static final class ParameterizedTypeImpl implements ParameterizedType, Serializable {

        private final Type ownerType;

        private final Type rawType;

        private final Type[] typeArguments;

        public ParameterizedTypeImpl(Type ownerType, Type rawType, Type... typeArguments) {
            // require an owner type if the raw type needs it
            if (rawType instanceof Class<?>) {
                Class<?> rawTypeAsClass = (Class<?>) rawType;
                boolean isStaticOrTopLevelClass = Modifier.isStatic(rawTypeAsClass.getModifiers()) || rawTypeAsClass.getEnclosingClass() == null;
                checkArgument(ownerType != null || isStaticOrTopLevelClass);
            }
            this.ownerType = ownerType == null ? null : canonicalize(ownerType);
            this.rawType = canonicalize(rawType);
            this.typeArguments = typeArguments.clone();
            for (int t = 0, length = this.typeArguments.length; t < length; t++) {
                checkNotNull(this.typeArguments[t]);
                checkNotPrimitive(this.typeArguments[t]);
                this.typeArguments[t] = canonicalize(this.typeArguments[t]);
            }
        }

        public Type[] getActualTypeArguments() {
            return typeArguments.clone();
        }

        public Type getRawType() {
            return rawType;
        }

        public Type getOwnerType() {
            return ownerType;
        }

        @Override
        public boolean equals(Object other) {
            return other instanceof ParameterizedType && $Gson$Types.equals(this, (ParameterizedType) other);
        }

        @Override
        public int hashCode() {
            return Arrays.hashCode(typeArguments) ^ rawType.hashCode() ^ hashCodeOrZero(ownerType);
        }

        @Override
        public String toString() {
            int length = typeArguments.length;
            if (length == 0) {
                return typeToString(rawType);
            }
            StringBuilder stringBuilder = new StringBuilder(30 * (length + 1));
            stringBuilder.append(typeToString(rawType)).append("<").append(typeToString(typeArguments[0]));
            for (int i = 1; i < length; i++) {
                stringBuilder.append(", ").append(typeToString(typeArguments[i]));
            }
            return stringBuilder.append(">").toString();
        }

        private static final long serialVersionUID = 0;
    }

    private static final class GenericArrayTypeImpl implements GenericArrayType, Serializable {

        private final Type componentType;

        public GenericArrayTypeImpl(Type componentType) {
            this.componentType = canonicalize(componentType);
        }

        public Type getGenericComponentType() {
            return componentType;
        }

        @Override
        public boolean equals(Object o) {
            return o instanceof GenericArrayType && $Gson$Types.equals(this, (GenericArrayType) o);
        }

        @Override
        public int hashCode() {
            return componentType.hashCode();
        }

        @Override
        public String toString() {
            return typeToString(componentType) + "[]";
        }

        private static final long serialVersionUID = 0;
    }

    /**
     * The WildcardType interface supports multiple upper bounds and multiple lower bounds. We only
     * support what the Java 6 language needs - at most one bound. If a lower bound is set, the upper
     * bound must be Object.class.
     */
    private static final class WildcardTypeImpl implements WildcardType, Serializable {

        private final Type upperBound;

        private final Type lowerBound;

        public WildcardTypeImpl(Type[] upperBounds, Type[] lowerBounds) {
            checkArgument(lowerBounds.length <= 1);
            checkArgument(upperBounds.length == 1);
            if (lowerBounds.length == 1) {
                checkNotNull(lowerBounds[0]);
                checkNotPrimitive(lowerBounds[0]);
                checkArgument(upperBounds[0] == Object.class);
                this.lowerBound = canonicalize(lowerBounds[0]);
                this.upperBound = Object.class;
            } else {
                checkNotNull(upperBounds[0]);
                checkNotPrimitive(upperBounds[0]);
                this.lowerBound = null;
                this.upperBound = canonicalize(upperBounds[0]);
            }
        }

        public Type[] getUpperBounds() {
            return new Type[] { upperBound };
        }

        public Type[] getLowerBounds() {
            return lowerBound != null ? new Type[] { lowerBound } : EMPTY_TYPE_ARRAY;
        }

        @Override
        public boolean equals(Object other) {
            return other instanceof WildcardType && $Gson$Types.equals(this, (WildcardType) other);
        }

        @Override
        public int hashCode() {
            // this equals Arrays.hashCode(getLowerBounds()) ^ Arrays.hashCode(getUpperBounds());
            return (lowerBound != null ? 31 + lowerBound.hashCode() : 1) ^ (31 + upperBound.hashCode());
        }

        @Override
        public String toString() {
            if (lowerBound != null) {
                return "? super " + typeToString(lowerBound);
            } else if (upperBound == Object.class) {
                return "?";
            } else {
                return "? extends " + typeToString(upperBound);
            }
        }

        private static final long serialVersionUID = 0;
    }
}

If the class is in generated code or otherwise not present in the source, this is expected and this message can be safely ignored. If you do see the class on the source code, please report this bug at: https://github.com/nimakarimipour/NullAwayAnnotator/issues. Thank you!
Could not find class of type: Top-Level with name:  on Cursor:
/**
 * Copyright (C) 2008 Google Inc.
 *
 * <p>Licensed under the Apache License, Version 2.0 (the "License"); you may not use this file
 * except in compliance with the License. You may obtain a copy of the License at
 *
 * <p>http://www.apache.org/licenses/LICENSE-2.0
 *
 * <p>Unless required by applicable law or agreed to in writing, software distributed under the
 * License is distributed on an "AS IS" BASIS, WITHOUT WARRANTIES OR CONDITIONS OF ANY KIND, either
 * express or implied. See the License for the specific language governing permissions and
 * limitations under the License.
 */
package com.google.gson.internal;

import static com.google.gson.internal.$Gson$Preconditions.checkArgument;
import static com.google.gson.internal.$Gson$Preconditions.checkNotNull;
import java.io.Serializable;
import java.lang.reflect.Array;
import java.lang.reflect.GenericArrayType;
import java.lang.reflect.GenericDeclaration;
import java.lang.reflect.Modifier;
import java.lang.reflect.ParameterizedType;
import java.lang.reflect.Type;
import java.lang.reflect.TypeVariable;
import java.lang.reflect.WildcardType;
import java.util.*;

/**
 * Static methods for working with types.
 *
 * @author Bob Lee
 * @author Jesse Wilson
 */
public final class $Gson$Types {

    static final Type[] EMPTY_TYPE_ARRAY = new Type[] {};

    private $Gson$Types() {
        throw new UnsupportedOperationException();
    }

    /**
     * Returns a new parameterized type, applying {@code typeArguments} to {@code rawType} and
     * enclosed by {@code ownerType}.
     *
     * @return a {@link java.io.Serializable serializable} parameterized type.
     */
    public static ParameterizedType newParameterizedTypeWithOwner(Type ownerType, Type rawType, Type... typeArguments) {
        return new ParameterizedTypeImpl(ownerType, rawType, typeArguments);
    }

    /**
     * Returns an array type whose elements are all instances of {@code componentType}.
     *
     * @return a {@link java.io.Serializable serializable} generic array type.
     */
    public static GenericArrayType arrayOf(Type componentType) {
        return new GenericArrayTypeImpl(componentType);
    }

    /**
     * Returns a type that represents an unknown type that extends {@code bound}. For example, if
     * {@code bound} is {@code CharSequence.class}, this returns {@code ? extends CharSequence}. If
     * {@code bound} is {@code Object.class}, this returns {@code ?}, which is shorthand for {@code ?
     * extends Object}.
     */
    public static WildcardType subtypeOf(Type bound) {
        Type[] upperBounds;
        if (bound instanceof WildcardType) {
            upperBounds = ((WildcardType) bound).getUpperBounds();
        } else {
            upperBounds = new Type[] { bound };
        }
        return new WildcardTypeImpl(upperBounds, EMPTY_TYPE_ARRAY);
    }

    /**
     * Returns a type that represents an unknown supertype of {@code bound}. For example, if {@code
     * bound} is {@code String.class}, this returns {@code ? super String}.
     */
    public static WildcardType supertypeOf(Type bound) {
        Type[] lowerBounds;
        if (bound instanceof WildcardType) {
            lowerBounds = ((WildcardType) bound).getLowerBounds();
        } else {
            lowerBounds = new Type[] { bound };
        }
        return new WildcardTypeImpl(new Type[] { Object.class }, lowerBounds);
    }

    /**
     * Returns a type that is functionally equal but not necessarily equal according to {@link
     * Object#equals(Object) Object.equals()}. The returned type is {@link java.io.Serializable}.
     */
    public static Type canonicalize(Type type) {
        if (type instanceof Class) {
            Class<?> c = (Class<?>) type;
            return c.isArray() ? new GenericArrayTypeImpl(canonicalize(c.getComponentType())) : c;
        } else if (type instanceof ParameterizedType) {
            ParameterizedType p = (ParameterizedType) type;
            return new ParameterizedTypeImpl(p.getOwnerType(), p.getRawType(), p.getActualTypeArguments());
        } else if (type instanceof GenericArrayType) {
            GenericArrayType g = (GenericArrayType) type;
            return new GenericArrayTypeImpl(g.getGenericComponentType());
        } else if (type instanceof WildcardType) {
            WildcardType w = (WildcardType) type;
            return new WildcardTypeImpl(w.getUpperBounds(), w.getLowerBounds());
        } else {
            // type is either serializable as-is or unsupported
            return type;
        }
    }

    public static Class<?> getRawType(Type type) {
        if (type instanceof Class<?>) {
            // type is a normal class.
            return (Class<?>) type;
        } else if (type instanceof ParameterizedType) {
            ParameterizedType parameterizedType = (ParameterizedType) type;
            // I'm not exactly sure why getRawType() returns Type instead of Class.
            // Neal isn't either but suspects some pathological case related
            // to nested classes exists.
            Type rawType = parameterizedType.getRawType();
            checkArgument(rawType instanceof Class);
            return (Class<?>) rawType;
        } else if (type instanceof GenericArrayType) {
            Type componentType = ((GenericArrayType) type).getGenericComponentType();
            return Array.newInstance(getRawType(componentType), 0).getClass();
        } else if (type instanceof TypeVariable) {
            // we could use the variable's bounds, but that won't work if there are multiple.
            // having a raw type that's more general than necessary is okay
            return Object.class;
        } else if (type instanceof WildcardType) {
            return getRawType(((WildcardType) type).getUpperBounds()[0]);
        } else {
            String className = type == null ? "null" : type.getClass().getName();
            throw new IllegalArgumentException("Expected a Class, ParameterizedType, or " + "GenericArrayType, but <" + type + "> is of type " + className);
        }
    }

    static boolean equal(Object a, Object b) {
        return a == b || (a != null && a.equals(b));
    }

    /**
     * Returns true if {@code a} and {@code b} are equal.
     */
    public static boolean equals(Type a, Type b) {
        if (a == b) {
            // also handles (a == null && b == null)
            return true;
        } else if (a instanceof Class) {
            // Class already specifies equals().
            return a.equals(b);
        } else if (a instanceof ParameterizedType) {
            if (!(b instanceof ParameterizedType)) {
                return false;
            }
            // TODO: save a .clone() call
            ParameterizedType pa = (ParameterizedType) a;
            ParameterizedType pb = (ParameterizedType) b;
            return equal(pa.getOwnerType(), pb.getOwnerType()) && pa.getRawType().equals(pb.getRawType()) && Arrays.equals(pa.getActualTypeArguments(), pb.getActualTypeArguments());
        } else if (a instanceof GenericArrayType) {
            if (!(b instanceof GenericArrayType)) {
                return false;
            }
            GenericArrayType ga = (GenericArrayType) a;
            GenericArrayType gb = (GenericArrayType) b;
            return equals(ga.getGenericComponentType(), gb.getGenericComponentType());
        } else if (a instanceof WildcardType) {
            if (!(b instanceof WildcardType)) {
                return false;
            }
            WildcardType wa = (WildcardType) a;
            WildcardType wb = (WildcardType) b;
            return Arrays.equals(wa.getUpperBounds(), wb.getUpperBounds()) && Arrays.equals(wa.getLowerBounds(), wb.getLowerBounds());
        } else if (a instanceof TypeVariable) {
            if (!(b instanceof TypeVariable)) {
                return false;
            }
            TypeVariable<?> va = (TypeVariable<?>) a;
            TypeVariable<?> vb = (TypeVariable<?>) b;
            return va.getGenericDeclaration() == vb.getGenericDeclaration() && va.getName().equals(vb.getName());
        } else {
            // This isn't a type we support. Could be a generic array type, wildcard type, etc.
            return false;
        }
    }

    static int hashCodeOrZero(Object o) {
        return o != null ? o.hashCode() : 0;
    }

    public static String typeToString(Type type) {
        return type instanceof Class ? ((Class<?>) type).getName() : type.toString();
    }

    /**
     * Returns the generic supertype for {@code supertype}. For example, given a class {@code
     * IntegerSet}, the result for when supertype is {@code Set.class} is {@code Set<Integer>} and the
     * result when the supertype is {@code Collection.class} is {@code Collection<Integer>}.
     */
    static Type getGenericSupertype(Type context, Class<?> rawType, Class<?> toResolve) {
        if (toResolve == rawType) {
            return context;
        }
        // we skip searching through interfaces if unknown is an interface
        if (toResolve.isInterface()) {
            Class<?>[] interfaces = rawType.getInterfaces();
            for (int i = 0, length = interfaces.length; i < length; i++) {
                if (interfaces[i] == toResolve) {
                    return rawType.getGenericInterfaces()[i];
                } else if (toResolve.isAssignableFrom(interfaces[i])) {
                    return getGenericSupertype(rawType.getGenericInterfaces()[i], interfaces[i], toResolve);
                }
            }
        }
        // check our supertypes
        if (!rawType.isInterface()) {
            while (rawType != Object.class) {
                Class<?> rawSupertype = rawType.getSuperclass();
                if (rawSupertype == toResolve) {
                    return rawType.getGenericSuperclass();
                } else if (toResolve.isAssignableFrom(rawSupertype)) {
                    return getGenericSupertype(rawType.getGenericSuperclass(), rawSupertype, toResolve);
                }
                rawType = rawSupertype;
            }
        }
        // we can't resolve this further
        return toResolve;
    }

    /**
     * Returns the generic form of {@code supertype}. For example, if this is {@code
     * ArrayList<String>}, this returns {@code Iterable<String>} given the input {@code
     * Iterable.class}.
     *
     * @param supertype a superclass of, or interface implemented by, this.
     */
    static Type getSupertype(Type context, Class<?> contextRawType, Class<?> supertype) {
        if (context instanceof WildcardType) {
            // wildcards are useless for resolving supertypes. As the upper bound has the same raw type,
            // use it instead
            context = ((WildcardType) context).getUpperBounds()[0];
        }
        checkArgument(supertype.isAssignableFrom(contextRawType));
        return resolve(context, contextRawType, $Gson$Types.getGenericSupertype(context, contextRawType, supertype));
    }

    /**
     * Returns the component type of this array type.
     *
     * @throws ClassCastException if this type is not an array.
     */
    public static Type getArrayComponentType(Type array) {
        return array instanceof GenericArrayType ? ((GenericArrayType) array).getGenericComponentType() : ((Class<?>) array).getComponentType();
    }

    /**
     * Returns the element type of this collection type.
     *
     * @throws IllegalArgumentException if this type is not a collection.
     */
    public static Type getCollectionElementType(Type context, Class<?> contextRawType) {
        Type collectionType = getSupertype(context, contextRawType, Collection.class);
        if (collectionType instanceof WildcardType) {
            collectionType = ((WildcardType) collectionType).getUpperBounds()[0];
        }
        if (collectionType instanceof ParameterizedType) {
            return ((ParameterizedType) collectionType).getActualTypeArguments()[0];
        }
        return Object.class;
    }

    /**
     * Returns a two element array containing this map's key and value types in positions 0 and 1
     * respectively.
     */
    public static Type[] getMapKeyAndValueTypes(Type context, Class<?> contextRawType) {
        /*
     * Work around a problem with the declaration of java.util.Properties. That
     * class should extend Hashtable<String, String>, but it's declared to
     * extend Hashtable<Object, Object>.
     */
        if (context == Properties.class) {
            // TODO: test subclasses of Properties!
            return new Type[] { String.class, String.class };
        }
        Type mapType = getSupertype(context, contextRawType, Map.class);
        // TODO: strip wildcards?
        if (mapType instanceof ParameterizedType) {
            ParameterizedType mapParameterizedType = (ParameterizedType) mapType;
            return mapParameterizedType.getActualTypeArguments();
        }
        return new Type[] { Object.class, Object.class };
    }

    public static Type resolve(Type context, Class<?> contextRawType, Type toResolve) {
        return resolve(context, contextRawType, toResolve, new HashSet<TypeVariable>());
    }

    private static Type resolve(Type context, Class<?> contextRawType, Type toResolve, Collection<TypeVariable> visitedTypeVariables) {
        // this implementation is made a little more complicated in an attempt to avoid object-creation
        while (true) {
            if (toResolve instanceof TypeVariable) {
                TypeVariable<?> typeVariable = (TypeVariable<?>) toResolve;
                if (visitedTypeVariables.contains(typeVariable)) {
                    // cannot reduce due to infinite recursion
                    return toResolve;
                } else {
                    visitedTypeVariables.add(typeVariable);
                }
                toResolve = resolveTypeVariable(context, contextRawType, typeVariable);
                if (toResolve == typeVariable) {
                    return toResolve;
                }
            } else if (toResolve instanceof Class && ((Class<?>) toResolve).isArray()) {
                Class<?> original = (Class<?>) toResolve;
                Type componentType = original.getComponentType();
                Type newComponentType = resolve(context, contextRawType, componentType, visitedTypeVariables);
                return componentType == newComponentType ? original : arrayOf(newComponentType);
            } else if (toResolve instanceof GenericArrayType) {
                GenericArrayType original = (GenericArrayType) toResolve;
                Type componentType = original.getGenericComponentType();
                Type newComponentType = resolve(context, contextRawType, componentType, visitedTypeVariables);
                return componentType == newComponentType ? original : arrayOf(newComponentType);
            } else if (toResolve instanceof ParameterizedType) {
                ParameterizedType original = (ParameterizedType) toResolve;
                Type ownerType = original.getOwnerType();
                Type newOwnerType = resolve(context, contextRawType, ownerType, visitedTypeVariables);
                boolean changed = newOwnerType != ownerType;
                Type[] args = original.getActualTypeArguments();
                for (int t = 0, length = args.length; t < length; t++) {
                    Type resolvedTypeArgument = resolve(context, contextRawType, args[t], visitedTypeVariables);
                    if (resolvedTypeArgument != args[t]) {
                        if (!changed) {
                            args = args.clone();
                            changed = true;
                        }
                        args[t] = resolvedTypeArgument;
                    }
                }
                return changed ? newParameterizedTypeWithOwner(newOwnerType, original.getRawType(), args) : original;
            } else if (toResolve instanceof WildcardType) {
                WildcardType original = (WildcardType) toResolve;
                Type[] originalLowerBound = original.getLowerBounds();
                Type[] originalUpperBound = original.getUpperBounds();
                if (originalLowerBound.length == 1) {
                    Type lowerBound = resolve(context, contextRawType, originalLowerBound[0], visitedTypeVariables);
                    if (lowerBound != originalLowerBound[0]) {
                        return supertypeOf(lowerBound);
                    }
                } else if (originalUpperBound.length == 1) {
                    Type upperBound = resolve(context, contextRawType, originalUpperBound[0], visitedTypeVariables);
                    if (upperBound != originalUpperBound[0]) {
                        return subtypeOf(upperBound);
                    }
                }
                return original;
            } else {
                return toResolve;
            }
        }
    }

    static Type resolveTypeVariable(Type context, Class<?> contextRawType, TypeVariable<?> unknown) {
        Class<?> declaredByRaw = declaringClassOf(unknown);
        // we can't reduce this further
        if (declaredByRaw == null) {
            return unknown;
        }
        Type declaredBy = getGenericSupertype(context, contextRawType, declaredByRaw);
        if (declaredBy instanceof ParameterizedType) {
            int index = indexOf(declaredByRaw.getTypeParameters(), unknown);
            return ((ParameterizedType) declaredBy).getActualTypeArguments()[index];
        }
        return unknown;
    }

    private static int indexOf(Object[] array, Object toFind) {
        for (int i = 0, length = array.length; i < length; i++) {
            if (toFind.equals(array[i])) {
                return i;
            }
        }
        throw new NoSuchElementException();
    }

    /**
     * Returns the declaring class of {@code typeVariable}, or {@code null} if it was not declared by
     * a class.
     */
    private static Class<?> declaringClassOf(TypeVariable<?> typeVariable) {
        GenericDeclaration genericDeclaration = typeVariable.getGenericDeclaration();
        return genericDeclaration instanceof Class ? (Class<?>) genericDeclaration : null;
    }

    static void checkNotPrimitive(Type type) {
        checkArgument(!(type instanceof Class<?>) || !((Class<?>) type).isPrimitive());
    }

    private static final class ParameterizedTypeImpl implements ParameterizedType, Serializable {

        private final Type ownerType;

        private final Type rawType;

        private final Type[] typeArguments;

        public ParameterizedTypeImpl(Type ownerType, Type rawType, Type... typeArguments) {
            // require an owner type if the raw type needs it
            if (rawType instanceof Class<?>) {
                Class<?> rawTypeAsClass = (Class<?>) rawType;
                boolean isStaticOrTopLevelClass = Modifier.isStatic(rawTypeAsClass.getModifiers()) || rawTypeAsClass.getEnclosingClass() == null;
                checkArgument(ownerType != null || isStaticOrTopLevelClass);
            }
            this.ownerType = ownerType == null ? null : canonicalize(ownerType);
            this.rawType = canonicalize(rawType);
            this.typeArguments = typeArguments.clone();
            for (int t = 0, length = this.typeArguments.length; t < length; t++) {
                checkNotNull(this.typeArguments[t]);
                checkNotPrimitive(this.typeArguments[t]);
                this.typeArguments[t] = canonicalize(this.typeArguments[t]);
            }
        }

        public Type[] getActualTypeArguments() {
            return typeArguments.clone();
        }

        public Type getRawType() {
            return rawType;
        }

        public Type getOwnerType() {
            return ownerType;
        }

        @Override
        public boolean equals(Object other) {
            return other instanceof ParameterizedType && $Gson$Types.equals(this, (ParameterizedType) other);
        }

        @Override
        public int hashCode() {
            return Arrays.hashCode(typeArguments) ^ rawType.hashCode() ^ hashCodeOrZero(ownerType);
        }

        @Override
        public String toString() {
            int length = typeArguments.length;
            if (length == 0) {
                return typeToString(rawType);
            }
            StringBuilder stringBuilder = new StringBuilder(30 * (length + 1));
            stringBuilder.append(typeToString(rawType)).append("<").append(typeToString(typeArguments[0]));
            for (int i = 1; i < length; i++) {
                stringBuilder.append(", ").append(typeToString(typeArguments[i]));
            }
            return stringBuilder.append(">").toString();
        }

        private static final long serialVersionUID = 0;
    }

    private static final class GenericArrayTypeImpl implements GenericArrayType, Serializable {

        private final Type componentType;

        public GenericArrayTypeImpl(Type componentType) {
            this.componentType = canonicalize(componentType);
        }

        public Type getGenericComponentType() {
            return componentType;
        }

        @Override
        public boolean equals(Object o) {
            return o instanceof GenericArrayType && $Gson$Types.equals(this, (GenericArrayType) o);
        }

        @Override
        public int hashCode() {
            return componentType.hashCode();
        }

        @Override
        public String toString() {
            return typeToString(componentType) + "[]";
        }

        private static final long serialVersionUID = 0;
    }

    /**
     * The WildcardType interface supports multiple upper bounds and multiple lower bounds. We only
     * support what the Java 6 language needs - at most one bound. If a lower bound is set, the upper
     * bound must be Object.class.
     */
    private static final class WildcardTypeImpl implements WildcardType, Serializable {

        private final Type upperBound;

        private final Type lowerBound;

        public WildcardTypeImpl(Type[] upperBounds, Type[] lowerBounds) {
            checkArgument(lowerBounds.length <= 1);
            checkArgument(upperBounds.length == 1);
            if (lowerBounds.length == 1) {
                checkNotNull(lowerBounds[0]);
                checkNotPrimitive(lowerBounds[0]);
                checkArgument(upperBounds[0] == Object.class);
                this.lowerBound = canonicalize(lowerBounds[0]);
                this.upperBound = Object.class;
            } else {
                checkNotNull(upperBounds[0]);
                checkNotPrimitive(upperBounds[0]);
                this.lowerBound = null;
                this.upperBound = canonicalize(upperBounds[0]);
            }
        }

        public Type[] getUpperBounds() {
            return new Type[] { upperBound };
        }

        public Type[] getLowerBounds() {
            return lowerBound != null ? new Type[] { lowerBound } : EMPTY_TYPE_ARRAY;
        }

        @Override
        public boolean equals(Object other) {
            return other instanceof WildcardType && $Gson$Types.equals(this, (WildcardType) other);
        }

        @Override
        public int hashCode() {
            // this equals Arrays.hashCode(getLowerBounds()) ^ Arrays.hashCode(getUpperBounds());
            return (lowerBound != null ? 31 + lowerBound.hashCode() : 1) ^ (31 + upperBound.hashCode());
        }

        @Override
        public String toString() {
            if (lowerBound != null) {
                return "? super " + typeToString(lowerBound);
            } else if (upperBound == Object.class) {
                return "?";
            } else {
                return "? extends " + typeToString(upperBound);
            }
        }

        private static final long serialVersionUID = 0;
    }
}

If the class is in generated code or otherwise not present in the source, this is expected and this message can be safely ignored. If you do see the class on the source code, please report this bug at: https://github.com/nimakarimipour/NullAwayAnnotator/issues. Thank you!
Could not find class of type: Top-Level with name:  on Cursor:
/**
 * Copyright (C) 2008 Google Inc.
 *
 * <p>Licensed under the Apache License, Version 2.0 (the "License"); you may not use this file
 * except in compliance with the License. You may obtain a copy of the License at
 *
 * <p>http://www.apache.org/licenses/LICENSE-2.0
 *
 * <p>Unless required by applicable law or agreed to in writing, software distributed under the
 * License is distributed on an "AS IS" BASIS, WITHOUT WARRANTIES OR CONDITIONS OF ANY KIND, either
 * express or implied. See the License for the specific language governing permissions and
 * limitations under the License.
 */
package com.google.gson.internal;

import static com.google.gson.internal.$Gson$Preconditions.checkArgument;
import static com.google.gson.internal.$Gson$Preconditions.checkNotNull;
import java.io.Serializable;
import java.lang.reflect.Array;
import java.lang.reflect.GenericArrayType;
import java.lang.reflect.GenericDeclaration;
import java.lang.reflect.Modifier;
import java.lang.reflect.ParameterizedType;
import java.lang.reflect.Type;
import java.lang.reflect.TypeVariable;
import java.lang.reflect.WildcardType;
import java.util.*;

/**
 * Static methods for working with types.
 *
 * @author Bob Lee
 * @author Jesse Wilson
 */
public final class $Gson$Types {

    static final Type[] EMPTY_TYPE_ARRAY = new Type[] {};

    private $Gson$Types() {
        throw new UnsupportedOperationException();
    }

    /**
     * Returns a new parameterized type, applying {@code typeArguments} to {@code rawType} and
     * enclosed by {@code ownerType}.
     *
     * @return a {@link java.io.Serializable serializable} parameterized type.
     */
    public static ParameterizedType newParameterizedTypeWithOwner(Type ownerType, Type rawType, Type... typeArguments) {
        return new ParameterizedTypeImpl(ownerType, rawType, typeArguments);
    }

    /**
     * Returns an array type whose elements are all instances of {@code componentType}.
     *
     * @return a {@link java.io.Serializable serializable} generic array type.
     */
    public static GenericArrayType arrayOf(Type componentType) {
        return new GenericArrayTypeImpl(componentType);
    }

    /**
     * Returns a type that represents an unknown type that extends {@code bound}. For example, if
     * {@code bound} is {@code CharSequence.class}, this returns {@code ? extends CharSequence}. If
     * {@code bound} is {@code Object.class}, this returns {@code ?}, which is shorthand for {@code ?
     * extends Object}.
     */
    public static WildcardType subtypeOf(Type bound) {
        Type[] upperBounds;
        if (bound instanceof WildcardType) {
            upperBounds = ((WildcardType) bound).getUpperBounds();
        } else {
            upperBounds = new Type[] { bound };
        }
        return new WildcardTypeImpl(upperBounds, EMPTY_TYPE_ARRAY);
    }

    /**
     * Returns a type that represents an unknown supertype of {@code bound}. For example, if {@code
     * bound} is {@code String.class}, this returns {@code ? super String}.
     */
    public static WildcardType supertypeOf(Type bound) {
        Type[] lowerBounds;
        if (bound instanceof WildcardType) {
            lowerBounds = ((WildcardType) bound).getLowerBounds();
        } else {
            lowerBounds = new Type[] { bound };
        }
        return new WildcardTypeImpl(new Type[] { Object.class }, lowerBounds);
    }

    /**
     * Returns a type that is functionally equal but not necessarily equal according to {@link
     * Object#equals(Object) Object.equals()}. The returned type is {@link java.io.Serializable}.
     */
    public static Type canonicalize(Type type) {
        if (type instanceof Class) {
            Class<?> c = (Class<?>) type;
            return c.isArray() ? new GenericArrayTypeImpl(canonicalize(c.getComponentType())) : c;
        } else if (type instanceof ParameterizedType) {
            ParameterizedType p = (ParameterizedType) type;
            return new ParameterizedTypeImpl(p.getOwnerType(), p.getRawType(), p.getActualTypeArguments());
        } else if (type instanceof GenericArrayType) {
            GenericArrayType g = (GenericArrayType) type;
            return new GenericArrayTypeImpl(g.getGenericComponentType());
        } else if (type instanceof WildcardType) {
            WildcardType w = (WildcardType) type;
            return new WildcardTypeImpl(w.getUpperBounds(), w.getLowerBounds());
        } else {
            // type is either serializable as-is or unsupported
            return type;
        }
    }

    public static Class<?> getRawType(Type type) {
        if (type instanceof Class<?>) {
            // type is a normal class.
            return (Class<?>) type;
        } else if (type instanceof ParameterizedType) {
            ParameterizedType parameterizedType = (ParameterizedType) type;
            // I'm not exactly sure why getRawType() returns Type instead of Class.
            // Neal isn't either but suspects some pathological case related
            // to nested classes exists.
            Type rawType = parameterizedType.getRawType();
            checkArgument(rawType instanceof Class);
            return (Class<?>) rawType;
        } else if (type instanceof GenericArrayType) {
            Type componentType = ((GenericArrayType) type).getGenericComponentType();
            return Array.newInstance(getRawType(componentType), 0).getClass();
        } else if (type instanceof TypeVariable) {
            // we could use the variable's bounds, but that won't work if there are multiple.
            // having a raw type that's more general than necessary is okay
            return Object.class;
        } else if (type instanceof WildcardType) {
            return getRawType(((WildcardType) type).getUpperBounds()[0]);
        } else {
            String className = type == null ? "null" : type.getClass().getName();
            throw new IllegalArgumentException("Expected a Class, ParameterizedType, or " + "GenericArrayType, but <" + type + "> is of type " + className);
        }
    }

    static boolean equal(Object a, Object b) {
        return a == b || (a != null && a.equals(b));
    }

    /**
     * Returns true if {@code a} and {@code b} are equal.
     */
    public static boolean equals(Type a, Type b) {
        if (a == b) {
            // also handles (a == null && b == null)
            return true;
        } else if (a instanceof Class) {
            // Class already specifies equals().
            return a.equals(b);
        } else if (a instanceof ParameterizedType) {
            if (!(b instanceof ParameterizedType)) {
                return false;
            }
            // TODO: save a .clone() call
            ParameterizedType pa = (ParameterizedType) a;
            ParameterizedType pb = (ParameterizedType) b;
            return equal(pa.getOwnerType(), pb.getOwnerType()) && pa.getRawType().equals(pb.getRawType()) && Arrays.equals(pa.getActualTypeArguments(), pb.getActualTypeArguments());
        } else if (a instanceof GenericArrayType) {
            if (!(b instanceof GenericArrayType)) {
                return false;
            }
            GenericArrayType ga = (GenericArrayType) a;
            GenericArrayType gb = (GenericArrayType) b;
            return equals(ga.getGenericComponentType(), gb.getGenericComponentType());
        } else if (a instanceof WildcardType) {
            if (!(b instanceof WildcardType)) {
                return false;
            }
            WildcardType wa = (WildcardType) a;
            WildcardType wb = (WildcardType) b;
            return Arrays.equals(wa.getUpperBounds(), wb.getUpperBounds()) && Arrays.equals(wa.getLowerBounds(), wb.getLowerBounds());
        } else if (a instanceof TypeVariable) {
            if (!(b instanceof TypeVariable)) {
                return false;
            }
            TypeVariable<?> va = (TypeVariable<?>) a;
            TypeVariable<?> vb = (TypeVariable<?>) b;
            return va.getGenericDeclaration() == vb.getGenericDeclaration() && va.getName().equals(vb.getName());
        } else {
            // This isn't a type we support. Could be a generic array type, wildcard type, etc.
            return false;
        }
    }

    static int hashCodeOrZero(Object o) {
        return o != null ? o.hashCode() : 0;
    }

    public static String typeToString(Type type) {
        return type instanceof Class ? ((Class<?>) type).getName() : type.toString();
    }

    /**
     * Returns the generic supertype for {@code supertype}. For example, given a class {@code
     * IntegerSet}, the result for when supertype is {@code Set.class} is {@code Set<Integer>} and the
     * result when the supertype is {@code Collection.class} is {@code Collection<Integer>}.
     */
    static Type getGenericSupertype(Type context, Class<?> rawType, Class<?> toResolve) {
        if (toResolve == rawType) {
            return context;
        }
        // we skip searching through interfaces if unknown is an interface
        if (toResolve.isInterface()) {
            Class<?>[] interfaces = rawType.getInterfaces();
            for (int i = 0, length = interfaces.length; i < length; i++) {
                if (interfaces[i] == toResolve) {
                    return rawType.getGenericInterfaces()[i];
                } else if (toResolve.isAssignableFrom(interfaces[i])) {
                    return getGenericSupertype(rawType.getGenericInterfaces()[i], interfaces[i], toResolve);
                }
            }
        }
        // check our supertypes
        if (!rawType.isInterface()) {
            while (rawType != Object.class) {
                Class<?> rawSupertype = rawType.getSuperclass();
                if (rawSupertype == toResolve) {
                    return rawType.getGenericSuperclass();
                } else if (toResolve.isAssignableFrom(rawSupertype)) {
                    return getGenericSupertype(rawType.getGenericSuperclass(), rawSupertype, toResolve);
                }
                rawType = rawSupertype;
            }
        }
        // we can't resolve this further
        return toResolve;
    }

    /**
     * Returns the generic form of {@code supertype}. For example, if this is {@code
     * ArrayList<String>}, this returns {@code Iterable<String>} given the input {@code
     * Iterable.class}.
     *
     * @param supertype a superclass of, or interface implemented by, this.
     */
    static Type getSupertype(Type context, Class<?> contextRawType, Class<?> supertype) {
        if (context instanceof WildcardType) {
            // wildcards are useless for resolving supertypes. As the upper bound has the same raw type,
            // use it instead
            context = ((WildcardType) context).getUpperBounds()[0];
        }
        checkArgument(supertype.isAssignableFrom(contextRawType));
        return resolve(context, contextRawType, $Gson$Types.getGenericSupertype(context, contextRawType, supertype));
    }

    /**
     * Returns the component type of this array type.
     *
     * @throws ClassCastException if this type is not an array.
     */
    public static Type getArrayComponentType(Type array) {
        return array instanceof GenericArrayType ? ((GenericArrayType) array).getGenericComponentType() : ((Class<?>) array).getComponentType();
    }

    /**
     * Returns the element type of this collection type.
     *
     * @throws IllegalArgumentException if this type is not a collection.
     */
    public static Type getCollectionElementType(Type context, Class<?> contextRawType) {
        Type collectionType = getSupertype(context, contextRawType, Collection.class);
        if (collectionType instanceof WildcardType) {
            collectionType = ((WildcardType) collectionType).getUpperBounds()[0];
        }
        if (collectionType instanceof ParameterizedType) {
            return ((ParameterizedType) collectionType).getActualTypeArguments()[0];
        }
        return Object.class;
    }

    /**
     * Returns a two element array containing this map's key and value types in positions 0 and 1
     * respectively.
     */
    public static Type[] getMapKeyAndValueTypes(Type context, Class<?> contextRawType) {
        /*
     * Work around a problem with the declaration of java.util.Properties. That
     * class should extend Hashtable<String, String>, but it's declared to
     * extend Hashtable<Object, Object>.
     */
        if (context == Properties.class) {
            // TODO: test subclasses of Properties!
            return new Type[] { String.class, String.class };
        }
        Type mapType = getSupertype(context, contextRawType, Map.class);
        // TODO: strip wildcards?
        if (mapType instanceof ParameterizedType) {
            ParameterizedType mapParameterizedType = (ParameterizedType) mapType;
            return mapParameterizedType.getActualTypeArguments();
        }
        return new Type[] { Object.class, Object.class };
    }

    public static Type resolve(Type context, Class<?> contextRawType, Type toResolve) {
        return resolve(context, contextRawType, toResolve, new HashSet<TypeVariable>());
    }

    private static Type resolve(Type context, Class<?> contextRawType, Type toResolve, Collection<TypeVariable> visitedTypeVariables) {
        // this implementation is made a little more complicated in an attempt to avoid object-creation
        while (true) {
            if (toResolve instanceof TypeVariable) {
                TypeVariable<?> typeVariable = (TypeVariable<?>) toResolve;
                if (visitedTypeVariables.contains(typeVariable)) {
                    // cannot reduce due to infinite recursion
                    return toResolve;
                } else {
                    visitedTypeVariables.add(typeVariable);
                }
                toResolve = resolveTypeVariable(context, contextRawType, typeVariable);
                if (toResolve == typeVariable) {
                    return toResolve;
                }
            } else if (toResolve instanceof Class && ((Class<?>) toResolve).isArray()) {
                Class<?> original = (Class<?>) toResolve;
                Type componentType = original.getComponentType();
                Type newComponentType = resolve(context, contextRawType, componentType, visitedTypeVariables);
                return componentType == newComponentType ? original : arrayOf(newComponentType);
            } else if (toResolve instanceof GenericArrayType) {
                GenericArrayType original = (GenericArrayType) toResolve;
                Type componentType = original.getGenericComponentType();
                Type newComponentType = resolve(context, contextRawType, componentType, visitedTypeVariables);
                return componentType == newComponentType ? original : arrayOf(newComponentType);
            } else if (toResolve instanceof ParameterizedType) {
                ParameterizedType original = (ParameterizedType) toResolve;
                Type ownerType = original.getOwnerType();
                Type newOwnerType = resolve(context, contextRawType, ownerType, visitedTypeVariables);
                boolean changed = newOwnerType != ownerType;
                Type[] args = original.getActualTypeArguments();
                for (int t = 0, length = args.length; t < length; t++) {
                    Type resolvedTypeArgument = resolve(context, contextRawType, args[t], visitedTypeVariables);
                    if (resolvedTypeArgument != args[t]) {
                        if (!changed) {
                            args = args.clone();
                            changed = true;
                        }
                        args[t] = resolvedTypeArgument;
                    }
                }
                return changed ? newParameterizedTypeWithOwner(newOwnerType, original.getRawType(), args) : original;
            } else if (toResolve instanceof WildcardType) {
                WildcardType original = (WildcardType) toResolve;
                Type[] originalLowerBound = original.getLowerBounds();
                Type[] originalUpperBound = original.getUpperBounds();
                if (originalLowerBound.length == 1) {
                    Type lowerBound = resolve(context, contextRawType, originalLowerBound[0], visitedTypeVariables);
                    if (lowerBound != originalLowerBound[0]) {
                        return supertypeOf(lowerBound);
                    }
                } else if (originalUpperBound.length == 1) {
                    Type upperBound = resolve(context, contextRawType, originalUpperBound[0], visitedTypeVariables);
                    if (upperBound != originalUpperBound[0]) {
                        return subtypeOf(upperBound);
                    }
                }
                return original;
            } else {
                return toResolve;
            }
        }
    }

    static Type resolveTypeVariable(Type context, Class<?> contextRawType, TypeVariable<?> unknown) {
        Class<?> declaredByRaw = declaringClassOf(unknown);
        // we can't reduce this further
        if (declaredByRaw == null) {
            return unknown;
        }
        Type declaredBy = getGenericSupertype(context, contextRawType, declaredByRaw);
        if (declaredBy instanceof ParameterizedType) {
            int index = indexOf(declaredByRaw.getTypeParameters(), unknown);
            return ((ParameterizedType) declaredBy).getActualTypeArguments()[index];
        }
        return unknown;
    }

    private static int indexOf(Object[] array, Object toFind) {
        for (int i = 0, length = array.length; i < length; i++) {
            if (toFind.equals(array[i])) {
                return i;
            }
        }
        throw new NoSuchElementException();
    }

    /**
     * Returns the declaring class of {@code typeVariable}, or {@code null} if it was not declared by
     * a class.
     */
    private static Class<?> declaringClassOf(TypeVariable<?> typeVariable) {
        GenericDeclaration genericDeclaration = typeVariable.getGenericDeclaration();
        return genericDeclaration instanceof Class ? (Class<?>) genericDeclaration : null;
    }

    static void checkNotPrimitive(Type type) {
        checkArgument(!(type instanceof Class<?>) || !((Class<?>) type).isPrimitive());
    }

    private static final class ParameterizedTypeImpl implements ParameterizedType, Serializable {

        private final Type ownerType;

        private final Type rawType;

        private final Type[] typeArguments;

        public ParameterizedTypeImpl(Type ownerType, Type rawType, Type... typeArguments) {
            // require an owner type if the raw type needs it
            if (rawType instanceof Class<?>) {
                Class<?> rawTypeAsClass = (Class<?>) rawType;
                boolean isStaticOrTopLevelClass = Modifier.isStatic(rawTypeAsClass.getModifiers()) || rawTypeAsClass.getEnclosingClass() == null;
                checkArgument(ownerType != null || isStaticOrTopLevelClass);
            }
            this.ownerType = ownerType == null ? null : canonicalize(ownerType);
            this.rawType = canonicalize(rawType);
            this.typeArguments = typeArguments.clone();
            for (int t = 0, length = this.typeArguments.length; t < length; t++) {
                checkNotNull(this.typeArguments[t]);
                checkNotPrimitive(this.typeArguments[t]);
                this.typeArguments[t] = canonicalize(this.typeArguments[t]);
            }
        }

        public Type[] getActualTypeArguments() {
            return typeArguments.clone();
        }

        public Type getRawType() {
            return rawType;
        }

        public Type getOwnerType() {
            return ownerType;
        }

        @Override
        public boolean equals(Object other) {
            return other instanceof ParameterizedType && $Gson$Types.equals(this, (ParameterizedType) other);
        }

        @Override
        public int hashCode() {
            return Arrays.hashCode(typeArguments) ^ rawType.hashCode() ^ hashCodeOrZero(ownerType);
        }

        @Override
        public String toString() {
            int length = typeArguments.length;
            if (length == 0) {
                return typeToString(rawType);
            }
            StringBuilder stringBuilder = new StringBuilder(30 * (length + 1));
            stringBuilder.append(typeToString(rawType)).append("<").append(typeToString(typeArguments[0]));
            for (int i = 1; i < length; i++) {
                stringBuilder.append(", ").append(typeToString(typeArguments[i]));
            }
            return stringBuilder.append(">").toString();
        }

        private static final long serialVersionUID = 0;
    }

    private static final class GenericArrayTypeImpl implements GenericArrayType, Serializable {

        private final Type componentType;

        public GenericArrayTypeImpl(Type componentType) {
            this.componentType = canonicalize(componentType);
        }

        public Type getGenericComponentType() {
            return componentType;
        }

        @Override
        public boolean equals(Object o) {
            return o instanceof GenericArrayType && $Gson$Types.equals(this, (GenericArrayType) o);
        }

        @Override
        public int hashCode() {
            return componentType.hashCode();
        }

        @Override
        public String toString() {
            return typeToString(componentType) + "[]";
        }

        private static final long serialVersionUID = 0;
    }

    /**
     * The WildcardType interface supports multiple upper bounds and multiple lower bounds. We only
     * support what the Java 6 language needs - at most one bound. If a lower bound is set, the upper
     * bound must be Object.class.
     */
    private static final class WildcardTypeImpl implements WildcardType, Serializable {

        private final Type upperBound;

        private final Type lowerBound;

        public WildcardTypeImpl(Type[] upperBounds, Type[] lowerBounds) {
            checkArgument(lowerBounds.length <= 1);
            checkArgument(upperBounds.length == 1);
            if (lowerBounds.length == 1) {
                checkNotNull(lowerBounds[0]);
                checkNotPrimitive(lowerBounds[0]);
                checkArgument(upperBounds[0] == Object.class);
                this.lowerBound = canonicalize(lowerBounds[0]);
                this.upperBound = Object.class;
            } else {
                checkNotNull(upperBounds[0]);
                checkNotPrimitive(upperBounds[0]);
                this.lowerBound = null;
                this.upperBound = canonicalize(upperBounds[0]);
            }
        }

        public Type[] getUpperBounds() {
            return new Type[] { upperBound };
        }

        public Type[] getLowerBounds() {
            return lowerBound != null ? new Type[] { lowerBound } : EMPTY_TYPE_ARRAY;
        }

        @Override
        public boolean equals(Object other) {
            return other instanceof WildcardType && $Gson$Types.equals(this, (WildcardType) other);
        }

        @Override
        public int hashCode() {
            // this equals Arrays.hashCode(getLowerBounds()) ^ Arrays.hashCode(getUpperBounds());
            return (lowerBound != null ? 31 + lowerBound.hashCode() : 1) ^ (31 + upperBound.hashCode());
        }

        @Override
        public String toString() {
            if (lowerBound != null) {
                return "? super " + typeToString(lowerBound);
            } else if (upperBound == Object.class) {
                return "?";
            } else {
                return "? extends " + typeToString(upperBound);
            }
        }

        private static final long serialVersionUID = 0;
    }
}

If the class is in generated code or otherwise not present in the source, this is expected and this message can be safely ignored. If you do see the class on the source code, please report this bug at: https://github.com/nimakarimipour/NullAwayAnnotator/issues. Thank you!
Could not find class of type: Top-Level with name:  on Cursor:
/**
 * Copyright (C) 2008 Google Inc.
 *
 * <p>Licensed under the Apache License, Version 2.0 (the "License"); you may not use this file
 * except in compliance with the License. You may obtain a copy of the License at
 *
 * <p>http://www.apache.org/licenses/LICENSE-2.0
 *
 * <p>Unless required by applicable law or agreed to in writing, software distributed under the
 * License is distributed on an "AS IS" BASIS, WITHOUT WARRANTIES OR CONDITIONS OF ANY KIND, either
 * express or implied. See the License for the specific language governing permissions and
 * limitations under the License.
 */
package com.google.gson.internal;

import static com.google.gson.internal.$Gson$Preconditions.checkArgument;
import static com.google.gson.internal.$Gson$Preconditions.checkNotNull;
import java.io.Serializable;
import java.lang.reflect.Array;
import java.lang.reflect.GenericArrayType;
import java.lang.reflect.GenericDeclaration;
import java.lang.reflect.Modifier;
import java.lang.reflect.ParameterizedType;
import java.lang.reflect.Type;
import java.lang.reflect.TypeVariable;
import java.lang.reflect.WildcardType;
import java.util.*;

/**
 * Static methods for working with types.
 *
 * @author Bob Lee
 * @author Jesse Wilson
 */
public final class $Gson$Types {

    static final Type[] EMPTY_TYPE_ARRAY = new Type[] {};

    private $Gson$Types() {
        throw new UnsupportedOperationException();
    }

    /**
     * Returns a new parameterized type, applying {@code typeArguments} to {@code rawType} and
     * enclosed by {@code ownerType}.
     *
     * @return a {@link java.io.Serializable serializable} parameterized type.
     */
    public static ParameterizedType newParameterizedTypeWithOwner(Type ownerType, Type rawType, Type... typeArguments) {
        return new ParameterizedTypeImpl(ownerType, rawType, typeArguments);
    }

    /**
     * Returns an array type whose elements are all instances of {@code componentType}.
     *
     * @return a {@link java.io.Serializable serializable} generic array type.
     */
    public static GenericArrayType arrayOf(Type componentType) {
        return new GenericArrayTypeImpl(componentType);
    }

    /**
     * Returns a type that represents an unknown type that extends {@code bound}. For example, if
     * {@code bound} is {@code CharSequence.class}, this returns {@code ? extends CharSequence}. If
     * {@code bound} is {@code Object.class}, this returns {@code ?}, which is shorthand for {@code ?
     * extends Object}.
     */
    public static WildcardType subtypeOf(Type bound) {
        Type[] upperBounds;
        if (bound instanceof WildcardType) {
            upperBounds = ((WildcardType) bound).getUpperBounds();
        } else {
            upperBounds = new Type[] { bound };
        }
        return new WildcardTypeImpl(upperBounds, EMPTY_TYPE_ARRAY);
    }

    /**
     * Returns a type that represents an unknown supertype of {@code bound}. For example, if {@code
     * bound} is {@code String.class}, this returns {@code ? super String}.
     */
    public static WildcardType supertypeOf(Type bound) {
        Type[] lowerBounds;
        if (bound instanceof WildcardType) {
            lowerBounds = ((WildcardType) bound).getLowerBounds();
        } else {
            lowerBounds = new Type[] { bound };
        }
        return new WildcardTypeImpl(new Type[] { Object.class }, lowerBounds);
    }

    /**
     * Returns a type that is functionally equal but not necessarily equal according to {@link
     * Object#equals(Object) Object.equals()}. The returned type is {@link java.io.Serializable}.
     */
    public static Type canonicalize(Type type) {
        if (type instanceof Class) {
            Class<?> c = (Class<?>) type;
            return c.isArray() ? new GenericArrayTypeImpl(canonicalize(c.getComponentType())) : c;
        } else if (type instanceof ParameterizedType) {
            ParameterizedType p = (ParameterizedType) type;
            return new ParameterizedTypeImpl(p.getOwnerType(), p.getRawType(), p.getActualTypeArguments());
        } else if (type instanceof GenericArrayType) {
            GenericArrayType g = (GenericArrayType) type;
            return new GenericArrayTypeImpl(g.getGenericComponentType());
        } else if (type instanceof WildcardType) {
            WildcardType w = (WildcardType) type;
            return new WildcardTypeImpl(w.getUpperBounds(), w.getLowerBounds());
        } else {
            // type is either serializable as-is or unsupported
            return type;
        }
    }

    public static Class<?> getRawType(Type type) {
        if (type instanceof Class<?>) {
            // type is a normal class.
            return (Class<?>) type;
        } else if (type instanceof ParameterizedType) {
            ParameterizedType parameterizedType = (ParameterizedType) type;
            // I'm not exactly sure why getRawType() returns Type instead of Class.
            // Neal isn't either but suspects some pathological case related
            // to nested classes exists.
            Type rawType = parameterizedType.getRawType();
            checkArgument(rawType instanceof Class);
            return (Class<?>) rawType;
        } else if (type instanceof GenericArrayType) {
            Type componentType = ((GenericArrayType) type).getGenericComponentType();
            return Array.newInstance(getRawType(componentType), 0).getClass();
        } else if (type instanceof TypeVariable) {
            // we could use the variable's bounds, but that won't work if there are multiple.
            // having a raw type that's more general than necessary is okay
            return Object.class;
        } else if (type instanceof WildcardType) {
            return getRawType(((WildcardType) type).getUpperBounds()[0]);
        } else {
            String className = type == null ? "null" : type.getClass().getName();
            throw new IllegalArgumentException("Expected a Class, ParameterizedType, or " + "GenericArrayType, but <" + type + "> is of type " + className);
        }
    }

    static boolean equal(Object a, Object b) {
        return a == b || (a != null && a.equals(b));
    }

    /**
     * Returns true if {@code a} and {@code b} are equal.
     */
    public static boolean equals(Type a, Type b) {
        if (a == b) {
            // also handles (a == null && b == null)
            return true;
        } else if (a instanceof Class) {
            // Class already specifies equals().
            return a.equals(b);
        } else if (a instanceof ParameterizedType) {
            if (!(b instanceof ParameterizedType)) {
                return false;
            }
            // TODO: save a .clone() call
            ParameterizedType pa = (ParameterizedType) a;
            ParameterizedType pb = (ParameterizedType) b;
            return equal(pa.getOwnerType(), pb.getOwnerType()) && pa.getRawType().equals(pb.getRawType()) && Arrays.equals(pa.getActualTypeArguments(), pb.getActualTypeArguments());
        } else if (a instanceof GenericArrayType) {
            if (!(b instanceof GenericArrayType)) {
                return false;
            }
            GenericArrayType ga = (GenericArrayType) a;
            GenericArrayType gb = (GenericArrayType) b;
            return equals(ga.getGenericComponentType(), gb.getGenericComponentType());
        } else if (a instanceof WildcardType) {
            if (!(b instanceof WildcardType)) {
                return false;
            }
            WildcardType wa = (WildcardType) a;
            WildcardType wb = (WildcardType) b;
            return Arrays.equals(wa.getUpperBounds(), wb.getUpperBounds()) && Arrays.equals(wa.getLowerBounds(), wb.getLowerBounds());
        } else if (a instanceof TypeVariable) {
            if (!(b instanceof TypeVariable)) {
                return false;
            }
            TypeVariable<?> va = (TypeVariable<?>) a;
            TypeVariable<?> vb = (TypeVariable<?>) b;
            return va.getGenericDeclaration() == vb.getGenericDeclaration() && va.getName().equals(vb.getName());
        } else {
            // This isn't a type we support. Could be a generic array type, wildcard type, etc.
            return false;
        }
    }

    static int hashCodeOrZero(Object o) {
        return o != null ? o.hashCode() : 0;
    }

    public static String typeToString(Type type) {
        return type instanceof Class ? ((Class<?>) type).getName() : type.toString();
    }

    /**
     * Returns the generic supertype for {@code supertype}. For example, given a class {@code
     * IntegerSet}, the result for when supertype is {@code Set.class} is {@code Set<Integer>} and the
     * result when the supertype is {@code Collection.class} is {@code Collection<Integer>}.
     */
    static Type getGenericSupertype(Type context, Class<?> rawType, Class<?> toResolve) {
        if (toResolve == rawType) {
            return context;
        }
        // we skip searching through interfaces if unknown is an interface
        if (toResolve.isInterface()) {
            Class<?>[] interfaces = rawType.getInterfaces();
            for (int i = 0, length = interfaces.length; i < length; i++) {
                if (interfaces[i] == toResolve) {
                    return rawType.getGenericInterfaces()[i];
                } else if (toResolve.isAssignableFrom(interfaces[i])) {
                    return getGenericSupertype(rawType.getGenericInterfaces()[i], interfaces[i], toResolve);
                }
            }
        }
        // check our supertypes
        if (!rawType.isInterface()) {
            while (rawType != Object.class) {
                Class<?> rawSupertype = rawType.getSuperclass();
                if (rawSupertype == toResolve) {
                    return rawType.getGenericSuperclass();
                } else if (toResolve.isAssignableFrom(rawSupertype)) {
                    return getGenericSupertype(rawType.getGenericSuperclass(), rawSupertype, toResolve);
                }
                rawType = rawSupertype;
            }
        }
        // we can't resolve this further
        return toResolve;
    }

    /**
     * Returns the generic form of {@code supertype}. For example, if this is {@code
     * ArrayList<String>}, this returns {@code Iterable<String>} given the input {@code
     * Iterable.class}.
     *
     * @param supertype a superclass of, or interface implemented by, this.
     */
    static Type getSupertype(Type context, Class<?> contextRawType, Class<?> supertype) {
        if (context instanceof WildcardType) {
            // wildcards are useless for resolving supertypes. As the upper bound has the same raw type,
            // use it instead
            context = ((WildcardType) context).getUpperBounds()[0];
        }
        checkArgument(supertype.isAssignableFrom(contextRawType));
        return resolve(context, contextRawType, $Gson$Types.getGenericSupertype(context, contextRawType, supertype));
    }

    /**
     * Returns the component type of this array type.
     *
     * @throws ClassCastException if this type is not an array.
     */
    public static Type getArrayComponentType(Type array) {
        return array instanceof GenericArrayType ? ((GenericArrayType) array).getGenericComponentType() : ((Class<?>) array).getComponentType();
    }

    /**
     * Returns the element type of this collection type.
     *
     * @throws IllegalArgumentException if this type is not a collection.
     */
    public static Type getCollectionElementType(Type context, Class<?> contextRawType) {
        Type collectionType = getSupertype(context, contextRawType, Collection.class);
        if (collectionType instanceof WildcardType) {
            collectionType = ((WildcardType) collectionType).getUpperBounds()[0];
        }
        if (collectionType instanceof ParameterizedType) {
            return ((ParameterizedType) collectionType).getActualTypeArguments()[0];
        }
        return Object.class;
    }

    /**
     * Returns a two element array containing this map's key and value types in positions 0 and 1
     * respectively.
     */
    public static Type[] getMapKeyAndValueTypes(Type context, Class<?> contextRawType) {
        /*
     * Work around a problem with the declaration of java.util.Properties. That
     * class should extend Hashtable<String, String>, but it's declared to
     * extend Hashtable<Object, Object>.
     */
        if (context == Properties.class) {
            // TODO: test subclasses of Properties!
            return new Type[] { String.class, String.class };
        }
        Type mapType = getSupertype(context, contextRawType, Map.class);
        // TODO: strip wildcards?
        if (mapType instanceof ParameterizedType) {
            ParameterizedType mapParameterizedType = (ParameterizedType) mapType;
            return mapParameterizedType.getActualTypeArguments();
        }
        return new Type[] { Object.class, Object.class };
    }

    public static Type resolve(Type context, Class<?> contextRawType, Type toResolve) {
        return resolve(context, contextRawType, toResolve, new HashSet<TypeVariable>());
    }

    private static Type resolve(Type context, Class<?> contextRawType, Type toResolve, Collection<TypeVariable> visitedTypeVariables) {
        // this implementation is made a little more complicated in an attempt to avoid object-creation
        while (true) {
            if (toResolve instanceof TypeVariable) {
                TypeVariable<?> typeVariable = (TypeVariable<?>) toResolve;
                if (visitedTypeVariables.contains(typeVariable)) {
                    // cannot reduce due to infinite recursion
                    return toResolve;
                } else {
                    visitedTypeVariables.add(typeVariable);
                }
                toResolve = resolveTypeVariable(context, contextRawType, typeVariable);
                if (toResolve == typeVariable) {
                    return toResolve;
                }
            } else if (toResolve instanceof Class && ((Class<?>) toResolve).isArray()) {
                Class<?> original = (Class<?>) toResolve;
                Type componentType = original.getComponentType();
                Type newComponentType = resolve(context, contextRawType, componentType, visitedTypeVariables);
                return componentType == newComponentType ? original : arrayOf(newComponentType);
            } else if (toResolve instanceof GenericArrayType) {
                GenericArrayType original = (GenericArrayType) toResolve;
                Type componentType = original.getGenericComponentType();
                Type newComponentType = resolve(context, contextRawType, componentType, visitedTypeVariables);
                return componentType == newComponentType ? original : arrayOf(newComponentType);
            } else if (toResolve instanceof ParameterizedType) {
                ParameterizedType original = (ParameterizedType) toResolve;
                Type ownerType = original.getOwnerType();
                Type newOwnerType = resolve(context, contextRawType, ownerType, visitedTypeVariables);
                boolean changed = newOwnerType != ownerType;
                Type[] args = original.getActualTypeArguments();
                for (int t = 0, length = args.length; t < length; t++) {
                    Type resolvedTypeArgument = resolve(context, contextRawType, args[t], visitedTypeVariables);
                    if (resolvedTypeArgument != args[t]) {
                        if (!changed) {
                            args = args.clone();
                            changed = true;
                        }
                        args[t] = resolvedTypeArgument;
                    }
                }
                return changed ? newParameterizedTypeWithOwner(newOwnerType, original.getRawType(), args) : original;
            } else if (toResolve instanceof WildcardType) {
                WildcardType original = (WildcardType) toResolve;
                Type[] originalLowerBound = original.getLowerBounds();
                Type[] originalUpperBound = original.getUpperBounds();
                if (originalLowerBound.length == 1) {
                    Type lowerBound = resolve(context, contextRawType, originalLowerBound[0], visitedTypeVariables);
                    if (lowerBound != originalLowerBound[0]) {
                        return supertypeOf(lowerBound);
                    }
                } else if (originalUpperBound.length == 1) {
                    Type upperBound = resolve(context, contextRawType, originalUpperBound[0], visitedTypeVariables);
                    if (upperBound != originalUpperBound[0]) {
                        return subtypeOf(upperBound);
                    }
                }
                return original;
            } else {
                return toResolve;
            }
        }
    }

    static Type resolveTypeVariable(Type context, Class<?> contextRawType, TypeVariable<?> unknown) {
        Class<?> declaredByRaw = declaringClassOf(unknown);
        // we can't reduce this further
        if (declaredByRaw == null) {
            return unknown;
        }
        Type declaredBy = getGenericSupertype(context, contextRawType, declaredByRaw);
        if (declaredBy instanceof ParameterizedType) {
            int index = indexOf(declaredByRaw.getTypeParameters(), unknown);
            return ((ParameterizedType) declaredBy).getActualTypeArguments()[index];
        }
        return unknown;
    }

    private static int indexOf(Object[] array, Object toFind) {
        for (int i = 0, length = array.length; i < length; i++) {
            if (toFind.equals(array[i])) {
                return i;
            }
        }
        throw new NoSuchElementException();
    }

    /**
     * Returns the declaring class of {@code typeVariable}, or {@code null} if it was not declared by
     * a class.
     */
    private static Class<?> declaringClassOf(TypeVariable<?> typeVariable) {
        GenericDeclaration genericDeclaration = typeVariable.getGenericDeclaration();
        return genericDeclaration instanceof Class ? (Class<?>) genericDeclaration : null;
    }

    static void checkNotPrimitive(Type type) {
        checkArgument(!(type instanceof Class<?>) || !((Class<?>) type).isPrimitive());
    }

    private static final class ParameterizedTypeImpl implements ParameterizedType, Serializable {

        private final Type ownerType;

        private final Type rawType;

        private final Type[] typeArguments;

        public ParameterizedTypeImpl(Type ownerType, Type rawType, Type... typeArguments) {
            // require an owner type if the raw type needs it
            if (rawType instanceof Class<?>) {
                Class<?> rawTypeAsClass = (Class<?>) rawType;
                boolean isStaticOrTopLevelClass = Modifier.isStatic(rawTypeAsClass.getModifiers()) || rawTypeAsClass.getEnclosingClass() == null;
                checkArgument(ownerType != null || isStaticOrTopLevelClass);
            }
            this.ownerType = ownerType == null ? null : canonicalize(ownerType);
            this.rawType = canonicalize(rawType);
            this.typeArguments = typeArguments.clone();
            for (int t = 0, length = this.typeArguments.length; t < length; t++) {
                checkNotNull(this.typeArguments[t]);
                checkNotPrimitive(this.typeArguments[t]);
                this.typeArguments[t] = canonicalize(this.typeArguments[t]);
            }
        }

        public Type[] getActualTypeArguments() {
            return typeArguments.clone();
        }

        public Type getRawType() {
            return rawType;
        }

        public Type getOwnerType() {
            return ownerType;
        }

        @Override
        public boolean equals(Object other) {
            return other instanceof ParameterizedType && $Gson$Types.equals(this, (ParameterizedType) other);
        }

        @Override
        public int hashCode() {
            return Arrays.hashCode(typeArguments) ^ rawType.hashCode() ^ hashCodeOrZero(ownerType);
        }

        @Override
        public String toString() {
            int length = typeArguments.length;
            if (length == 0) {
                return typeToString(rawType);
            }
            StringBuilder stringBuilder = new StringBuilder(30 * (length + 1));
            stringBuilder.append(typeToString(rawType)).append("<").append(typeToString(typeArguments[0]));
            for (int i = 1; i < length; i++) {
                stringBuilder.append(", ").append(typeToString(typeArguments[i]));
            }
            return stringBuilder.append(">").toString();
        }

        private static final long serialVersionUID = 0;
    }

    private static final class GenericArrayTypeImpl implements GenericArrayType, Serializable {

        private final Type componentType;

        public GenericArrayTypeImpl(Type componentType) {
            this.componentType = canonicalize(componentType);
        }

        public Type getGenericComponentType() {
            return componentType;
        }

        @Override
        public boolean equals(Object o) {
            return o instanceof GenericArrayType && $Gson$Types.equals(this, (GenericArrayType) o);
        }

        @Override
        public int hashCode() {
            return componentType.hashCode();
        }

        @Override
        public String toString() {
            return typeToString(componentType) + "[]";
        }

        private static final long serialVersionUID = 0;
    }

    /**
     * The WildcardType interface supports multiple upper bounds and multiple lower bounds. We only
     * support what the Java 6 language needs - at most one bound. If a lower bound is set, the upper
     * bound must be Object.class.
     */
    private static final class WildcardTypeImpl implements WildcardType, Serializable {

        private final Type upperBound;

        private final Type lowerBound;

        public WildcardTypeImpl(Type[] upperBounds, Type[] lowerBounds) {
            checkArgument(lowerBounds.length <= 1);
            checkArgument(upperBounds.length == 1);
            if (lowerBounds.length == 1) {
                checkNotNull(lowerBounds[0]);
                checkNotPrimitive(lowerBounds[0]);
                checkArgument(upperBounds[0] == Object.class);
                this.lowerBound = canonicalize(lowerBounds[0]);
                this.upperBound = Object.class;
            } else {
                checkNotNull(upperBounds[0]);
                checkNotPrimitive(upperBounds[0]);
                this.lowerBound = null;
                this.upperBound = canonicalize(upperBounds[0]);
            }
        }

        public Type[] getUpperBounds() {
            return new Type[] { upperBound };
        }

        public Type[] getLowerBounds() {
            return lowerBound != null ? new Type[] { lowerBound } : EMPTY_TYPE_ARRAY;
        }

        @Override
        public boolean equals(Object other) {
            return other instanceof WildcardType && $Gson$Types.equals(this, (WildcardType) other);
        }

        @Override
        public int hashCode() {
            // this equals Arrays.hashCode(getLowerBounds()) ^ Arrays.hashCode(getUpperBounds());
            return (lowerBound != null ? 31 + lowerBound.hashCode() : 1) ^ (31 + upperBound.hashCode());
        }

        @Override
        public String toString() {
            if (lowerBound != null) {
                return "? super " + typeToString(lowerBound);
            } else if (upperBound == Object.class) {
                return "?";
            } else {
                return "? extends " + typeToString(upperBound);
            }
        }

        private static final long serialVersionUID = 0;
    }
}

If the class is in generated code or otherwise not present in the source, this is expected and this message can be safely ignored. If you do see the class on the source code, please report this bug at: https://github.com/nimakarimipour/NullAwayAnnotator/issues. Thank you!
Could not find class of type: Top-Level with name:  on Cursor:
/**
 * Copyright (C) 2008 Google Inc.
 *
 * <p>Licensed under the Apache License, Version 2.0 (the "License"); you may not use this file
 * except in compliance with the License. You may obtain a copy of the License at
 *
 * <p>http://www.apache.org/licenses/LICENSE-2.0
 *
 * <p>Unless required by applicable law or agreed to in writing, software distributed under the
 * License is distributed on an "AS IS" BASIS, WITHOUT WARRANTIES OR CONDITIONS OF ANY KIND, either
 * express or implied. See the License for the specific language governing permissions and
 * limitations under the License.
 */
package com.google.gson.internal;

import static com.google.gson.internal.$Gson$Preconditions.checkArgument;
import static com.google.gson.internal.$Gson$Preconditions.checkNotNull;
import java.io.Serializable;
import java.lang.reflect.Array;
import java.lang.reflect.GenericArrayType;
import java.lang.reflect.GenericDeclaration;
import java.lang.reflect.Modifier;
import java.lang.reflect.ParameterizedType;
import java.lang.reflect.Type;
import java.lang.reflect.TypeVariable;
import java.lang.reflect.WildcardType;
import java.util.*;

/**
 * Static methods for working with types.
 *
 * @author Bob Lee
 * @author Jesse Wilson
 */
public final class $Gson$Types {

    static final Type[] EMPTY_TYPE_ARRAY = new Type[] {};

    private $Gson$Types() {
        throw new UnsupportedOperationException();
    }

    /**
     * Returns a new parameterized type, applying {@code typeArguments} to {@code rawType} and
     * enclosed by {@code ownerType}.
     *
     * @return a {@link java.io.Serializable serializable} parameterized type.
     */
    public static ParameterizedType newParameterizedTypeWithOwner(Type ownerType, Type rawType, Type... typeArguments) {
        return new ParameterizedTypeImpl(ownerType, rawType, typeArguments);
    }

    /**
     * Returns an array type whose elements are all instances of {@code componentType}.
     *
     * @return a {@link java.io.Serializable serializable} generic array type.
     */
    public static GenericArrayType arrayOf(Type componentType) {
        return new GenericArrayTypeImpl(componentType);
    }

    /**
     * Returns a type that represents an unknown type that extends {@code bound}. For example, if
     * {@code bound} is {@code CharSequence.class}, this returns {@code ? extends CharSequence}. If
     * {@code bound} is {@code Object.class}, this returns {@code ?}, which is shorthand for {@code ?
     * extends Object}.
     */
    public static WildcardType subtypeOf(Type bound) {
        Type[] upperBounds;
        if (bound instanceof WildcardType) {
            upperBounds = ((WildcardType) bound).getUpperBounds();
        } else {
            upperBounds = new Type[] { bound };
        }
        return new WildcardTypeImpl(upperBounds, EMPTY_TYPE_ARRAY);
    }

    /**
     * Returns a type that represents an unknown supertype of {@code bound}. For example, if {@code
     * bound} is {@code String.class}, this returns {@code ? super String}.
     */
    public static WildcardType supertypeOf(Type bound) {
        Type[] lowerBounds;
        if (bound instanceof WildcardType) {
            lowerBounds = ((WildcardType) bound).getLowerBounds();
        } else {
            lowerBounds = new Type[] { bound };
        }
        return new WildcardTypeImpl(new Type[] { Object.class }, lowerBounds);
    }

    /**
     * Returns a type that is functionally equal but not necessarily equal according to {@link
     * Object#equals(Object) Object.equals()}. The returned type is {@link java.io.Serializable}.
     */
    public static Type canonicalize(Type type) {
        if (type instanceof Class) {
            Class<?> c = (Class<?>) type;
            return c.isArray() ? new GenericArrayTypeImpl(canonicalize(c.getComponentType())) : c;
        } else if (type instanceof ParameterizedType) {
            ParameterizedType p = (ParameterizedType) type;
            return new ParameterizedTypeImpl(p.getOwnerType(), p.getRawType(), p.getActualTypeArguments());
        } else if (type instanceof GenericArrayType) {
            GenericArrayType g = (GenericArrayType) type;
            return new GenericArrayTypeImpl(g.getGenericComponentType());
        } else if (type instanceof WildcardType) {
            WildcardType w = (WildcardType) type;
            return new WildcardTypeImpl(w.getUpperBounds(), w.getLowerBounds());
        } else {
            // type is either serializable as-is or unsupported
            return type;
        }
    }

    public static Class<?> getRawType(Type type) {
        if (type instanceof Class<?>) {
            // type is a normal class.
            return (Class<?>) type;
        } else if (type instanceof ParameterizedType) {
            ParameterizedType parameterizedType = (ParameterizedType) type;
            // I'm not exactly sure why getRawType() returns Type instead of Class.
            // Neal isn't either but suspects some pathological case related
            // to nested classes exists.
            Type rawType = parameterizedType.getRawType();
            checkArgument(rawType instanceof Class);
            return (Class<?>) rawType;
        } else if (type instanceof GenericArrayType) {
            Type componentType = ((GenericArrayType) type).getGenericComponentType();
            return Array.newInstance(getRawType(componentType), 0).getClass();
        } else if (type instanceof TypeVariable) {
            // we could use the variable's bounds, but that won't work if there are multiple.
            // having a raw type that's more general than necessary is okay
            return Object.class;
        } else if (type instanceof WildcardType) {
            return getRawType(((WildcardType) type).getUpperBounds()[0]);
        } else {
            String className = type == null ? "null" : type.getClass().getName();
            throw new IllegalArgumentException("Expected a Class, ParameterizedType, or " + "GenericArrayType, but <" + type + "> is of type " + className);
        }
    }

    static boolean equal(Object a, Object b) {
        return a == b || (a != null && a.equals(b));
    }

    /**
     * Returns true if {@code a} and {@code b} are equal.
     */
    public static boolean equals(Type a, Type b) {
        if (a == b) {
            // also handles (a == null && b == null)
            return true;
        } else if (a instanceof Class) {
            // Class already specifies equals().
            return a.equals(b);
        } else if (a instanceof ParameterizedType) {
            if (!(b instanceof ParameterizedType)) {
                return false;
            }
            // TODO: save a .clone() call
            ParameterizedType pa = (ParameterizedType) a;
            ParameterizedType pb = (ParameterizedType) b;
            return equal(pa.getOwnerType(), pb.getOwnerType()) && pa.getRawType().equals(pb.getRawType()) && Arrays.equals(pa.getActualTypeArguments(), pb.getActualTypeArguments());
        } else if (a instanceof GenericArrayType) {
            if (!(b instanceof GenericArrayType)) {
                return false;
            }
            GenericArrayType ga = (GenericArrayType) a;
            GenericArrayType gb = (GenericArrayType) b;
            return equals(ga.getGenericComponentType(), gb.getGenericComponentType());
        } else if (a instanceof WildcardType) {
            if (!(b instanceof WildcardType)) {
                return false;
            }
            WildcardType wa = (WildcardType) a;
            WildcardType wb = (WildcardType) b;
            return Arrays.equals(wa.getUpperBounds(), wb.getUpperBounds()) && Arrays.equals(wa.getLowerBounds(), wb.getLowerBounds());
        } else if (a instanceof TypeVariable) {
            if (!(b instanceof TypeVariable)) {
                return false;
            }
            TypeVariable<?> va = (TypeVariable<?>) a;
            TypeVariable<?> vb = (TypeVariable<?>) b;
            return va.getGenericDeclaration() == vb.getGenericDeclaration() && va.getName().equals(vb.getName());
        } else {
            // This isn't a type we support. Could be a generic array type, wildcard type, etc.
            return false;
        }
    }

    static int hashCodeOrZero(Object o) {
        return o != null ? o.hashCode() : 0;
    }

    public static String typeToString(Type type) {
        return type instanceof Class ? ((Class<?>) type).getName() : type.toString();
    }

    /**
     * Returns the generic supertype for {@code supertype}. For example, given a class {@code
     * IntegerSet}, the result for when supertype is {@code Set.class} is {@code Set<Integer>} and the
     * result when the supertype is {@code Collection.class} is {@code Collection<Integer>}.
     */
    static Type getGenericSupertype(Type context, Class<?> rawType, Class<?> toResolve) {
        if (toResolve == rawType) {
            return context;
        }
        // we skip searching through interfaces if unknown is an interface
        if (toResolve.isInterface()) {
            Class<?>[] interfaces = rawType.getInterfaces();
            for (int i = 0, length = interfaces.length; i < length; i++) {
                if (interfaces[i] == toResolve) {
                    return rawType.getGenericInterfaces()[i];
                } else if (toResolve.isAssignableFrom(interfaces[i])) {
                    return getGenericSupertype(rawType.getGenericInterfaces()[i], interfaces[i], toResolve);
                }
            }
        }
        // check our supertypes
        if (!rawType.isInterface()) {
            while (rawType != Object.class) {
                Class<?> rawSupertype = rawType.getSuperclass();
                if (rawSupertype == toResolve) {
                    return rawType.getGenericSuperclass();
                } else if (toResolve.isAssignableFrom(rawSupertype)) {
                    return getGenericSupertype(rawType.getGenericSuperclass(), rawSupertype, toResolve);
                }
                rawType = rawSupertype;
            }
        }
        // we can't resolve this further
        return toResolve;
    }

    /**
     * Returns the generic form of {@code supertype}. For example, if this is {@code
     * ArrayList<String>}, this returns {@code Iterable<String>} given the input {@code
     * Iterable.class}.
     *
     * @param supertype a superclass of, or interface implemented by, this.
     */
    static Type getSupertype(Type context, Class<?> contextRawType, Class<?> supertype) {
        if (context instanceof WildcardType) {
            // wildcards are useless for resolving supertypes. As the upper bound has the same raw type,
            // use it instead
            context = ((WildcardType) context).getUpperBounds()[0];
        }
        checkArgument(supertype.isAssignableFrom(contextRawType));
        return resolve(context, contextRawType, $Gson$Types.getGenericSupertype(context, contextRawType, supertype));
    }

    /**
     * Returns the component type of this array type.
     *
     * @throws ClassCastException if this type is not an array.
     */
    public static Type getArrayComponentType(Type array) {
        return array instanceof GenericArrayType ? ((GenericArrayType) array).getGenericComponentType() : ((Class<?>) array).getComponentType();
    }

    /**
     * Returns the element type of this collection type.
     *
     * @throws IllegalArgumentException if this type is not a collection.
     */
    public static Type getCollectionElementType(Type context, Class<?> contextRawType) {
        Type collectionType = getSupertype(context, contextRawType, Collection.class);
        if (collectionType instanceof WildcardType) {
            collectionType = ((WildcardType) collectionType).getUpperBounds()[0];
        }
        if (collectionType instanceof ParameterizedType) {
            return ((ParameterizedType) collectionType).getActualTypeArguments()[0];
        }
        return Object.class;
    }

    /**
     * Returns a two element array containing this map's key and value types in positions 0 and 1
     * respectively.
     */
    public static Type[] getMapKeyAndValueTypes(Type context, Class<?> contextRawType) {
        /*
     * Work around a problem with the declaration of java.util.Properties. That
     * class should extend Hashtable<String, String>, but it's declared to
     * extend Hashtable<Object, Object>.
     */
        if (context == Properties.class) {
            // TODO: test subclasses of Properties!
            return new Type[] { String.class, String.class };
        }
        Type mapType = getSupertype(context, contextRawType, Map.class);
        // TODO: strip wildcards?
        if (mapType instanceof ParameterizedType) {
            ParameterizedType mapParameterizedType = (ParameterizedType) mapType;
            return mapParameterizedType.getActualTypeArguments();
        }
        return new Type[] { Object.class, Object.class };
    }

    public static Type resolve(Type context, Class<?> contextRawType, Type toResolve) {
        return resolve(context, contextRawType, toResolve, new HashSet<TypeVariable>());
    }

    private static Type resolve(Type context, Class<?> contextRawType, Type toResolve, Collection<TypeVariable> visitedTypeVariables) {
        // this implementation is made a little more complicated in an attempt to avoid object-creation
        while (true) {
            if (toResolve instanceof TypeVariable) {
                TypeVariable<?> typeVariable = (TypeVariable<?>) toResolve;
                if (visitedTypeVariables.contains(typeVariable)) {
                    // cannot reduce due to infinite recursion
                    return toResolve;
                } else {
                    visitedTypeVariables.add(typeVariable);
                }
                toResolve = resolveTypeVariable(context, contextRawType, typeVariable);
                if (toResolve == typeVariable) {
                    return toResolve;
                }
            } else if (toResolve instanceof Class && ((Class<?>) toResolve).isArray()) {
                Class<?> original = (Class<?>) toResolve;
                Type componentType = original.getComponentType();
                Type newComponentType = resolve(context, contextRawType, componentType, visitedTypeVariables);
                return componentType == newComponentType ? original : arrayOf(newComponentType);
            } else if (toResolve instanceof GenericArrayType) {
                GenericArrayType original = (GenericArrayType) toResolve;
                Type componentType = original.getGenericComponentType();
                Type newComponentType = resolve(context, contextRawType, componentType, visitedTypeVariables);
                return componentType == newComponentType ? original : arrayOf(newComponentType);
            } else if (toResolve instanceof ParameterizedType) {
                ParameterizedType original = (ParameterizedType) toResolve;
                Type ownerType = original.getOwnerType();
                Type newOwnerType = resolve(context, contextRawType, ownerType, visitedTypeVariables);
                boolean changed = newOwnerType != ownerType;
                Type[] args = original.getActualTypeArguments();
                for (int t = 0, length = args.length; t < length; t++) {
                    Type resolvedTypeArgument = resolve(context, contextRawType, args[t], visitedTypeVariables);
                    if (resolvedTypeArgument != args[t]) {
                        if (!changed) {
                            args = args.clone();
                            changed = true;
                        }
                        args[t] = resolvedTypeArgument;
                    }
                }
                return changed ? newParameterizedTypeWithOwner(newOwnerType, original.getRawType(), args) : original;
            } else if (toResolve instanceof WildcardType) {
                WildcardType original = (WildcardType) toResolve;
                Type[] originalLowerBound = original.getLowerBounds();
                Type[] originalUpperBound = original.getUpperBounds();
                if (originalLowerBound.length == 1) {
                    Type lowerBound = resolve(context, contextRawType, originalLowerBound[0], visitedTypeVariables);
                    if (lowerBound != originalLowerBound[0]) {
                        return supertypeOf(lowerBound);
                    }
                } else if (originalUpperBound.length == 1) {
                    Type upperBound = resolve(context, contextRawType, originalUpperBound[0], visitedTypeVariables);
                    if (upperBound != originalUpperBound[0]) {
                        return subtypeOf(upperBound);
                    }
                }
                return original;
            } else {
                return toResolve;
            }
        }
    }

    static Type resolveTypeVariable(Type context, Class<?> contextRawType, TypeVariable<?> unknown) {
        Class<?> declaredByRaw = declaringClassOf(unknown);
        // we can't reduce this further
        if (declaredByRaw == null) {
            return unknown;
        }
        Type declaredBy = getGenericSupertype(context, contextRawType, declaredByRaw);
        if (declaredBy instanceof ParameterizedType) {
            int index = indexOf(declaredByRaw.getTypeParameters(), unknown);
            return ((ParameterizedType) declaredBy).getActualTypeArguments()[index];
        }
        return unknown;
    }

    private static int indexOf(Object[] array, Object toFind) {
        for (int i = 0, length = array.length; i < length; i++) {
            if (toFind.equals(array[i])) {
                return i;
            }
        }
        throw new NoSuchElementException();
    }

    /**
     * Returns the declaring class of {@code typeVariable}, or {@code null} if it was not declared by
     * a class.
     */
    private static Class<?> declaringClassOf(TypeVariable<?> typeVariable) {
        GenericDeclaration genericDeclaration = typeVariable.getGenericDeclaration();
        return genericDeclaration instanceof Class ? (Class<?>) genericDeclaration : null;
    }

    static void checkNotPrimitive(Type type) {
        checkArgument(!(type instanceof Class<?>) || !((Class<?>) type).isPrimitive());
    }

    private static final class ParameterizedTypeImpl implements ParameterizedType, Serializable {

        private final Type ownerType;

        private final Type rawType;

        private final Type[] typeArguments;

        public ParameterizedTypeImpl(Type ownerType, Type rawType, Type... typeArguments) {
            // require an owner type if the raw type needs it
            if (rawType instanceof Class<?>) {
                Class<?> rawTypeAsClass = (Class<?>) rawType;
                boolean isStaticOrTopLevelClass = Modifier.isStatic(rawTypeAsClass.getModifiers()) || rawTypeAsClass.getEnclosingClass() == null;
                checkArgument(ownerType != null || isStaticOrTopLevelClass);
            }
            this.ownerType = ownerType == null ? null : canonicalize(ownerType);
            this.rawType = canonicalize(rawType);
            this.typeArguments = typeArguments.clone();
            for (int t = 0, length = this.typeArguments.length; t < length; t++) {
                checkNotNull(this.typeArguments[t]);
                checkNotPrimitive(this.typeArguments[t]);
                this.typeArguments[t] = canonicalize(this.typeArguments[t]);
            }
        }

        public Type[] getActualTypeArguments() {
            return typeArguments.clone();
        }

        public Type getRawType() {
            return rawType;
        }

        public Type getOwnerType() {
            return ownerType;
        }

        @Override
        public boolean equals(Object other) {
            return other instanceof ParameterizedType && $Gson$Types.equals(this, (ParameterizedType) other);
        }

        @Override
        public int hashCode() {
            return Arrays.hashCode(typeArguments) ^ rawType.hashCode() ^ hashCodeOrZero(ownerType);
        }

        @Override
        public String toString() {
            int length = typeArguments.length;
            if (length == 0) {
                return typeToString(rawType);
            }
            StringBuilder stringBuilder = new StringBuilder(30 * (length + 1));
            stringBuilder.append(typeToString(rawType)).append("<").append(typeToString(typeArguments[0]));
            for (int i = 1; i < length; i++) {
                stringBuilder.append(", ").append(typeToString(typeArguments[i]));
            }
            return stringBuilder.append(">").toString();
        }

        private static final long serialVersionUID = 0;
    }

    private static final class GenericArrayTypeImpl implements GenericArrayType, Serializable {

        private final Type componentType;

        public GenericArrayTypeImpl(Type componentType) {
            this.componentType = canonicalize(componentType);
        }

        public Type getGenericComponentType() {
            return componentType;
        }

        @Override
        public boolean equals(Object o) {
            return o instanceof GenericArrayType && $Gson$Types.equals(this, (GenericArrayType) o);
        }

        @Override
        public int hashCode() {
            return componentType.hashCode();
        }

        @Override
        public String toString() {
            return typeToString(componentType) + "[]";
        }

        private static final long serialVersionUID = 0;
    }

    /**
     * The WildcardType interface supports multiple upper bounds and multiple lower bounds. We only
     * support what the Java 6 language needs - at most one bound. If a lower bound is set, the upper
     * bound must be Object.class.
     */
    private static final class WildcardTypeImpl implements WildcardType, Serializable {

        private final Type upperBound;

        private final Type lowerBound;

        public WildcardTypeImpl(Type[] upperBounds, Type[] lowerBounds) {
            checkArgument(lowerBounds.length <= 1);
            checkArgument(upperBounds.length == 1);
            if (lowerBounds.length == 1) {
                checkNotNull(lowerBounds[0]);
                checkNotPrimitive(lowerBounds[0]);
                checkArgument(upperBounds[0] == Object.class);
                this.lowerBound = canonicalize(lowerBounds[0]);
                this.upperBound = Object.class;
            } else {
                checkNotNull(upperBounds[0]);
                checkNotPrimitive(upperBounds[0]);
                this.lowerBound = null;
                this.upperBound = canonicalize(upperBounds[0]);
            }
        }

        public Type[] getUpperBounds() {
            return new Type[] { upperBound };
        }

        public Type[] getLowerBounds() {
            return lowerBound != null ? new Type[] { lowerBound } : EMPTY_TYPE_ARRAY;
        }

        @Override
        public boolean equals(Object other) {
            return other instanceof WildcardType && $Gson$Types.equals(this, (WildcardType) other);
        }

        @Override
        public int hashCode() {
            // this equals Arrays.hashCode(getLowerBounds()) ^ Arrays.hashCode(getUpperBounds());
            return (lowerBound != null ? 31 + lowerBound.hashCode() : 1) ^ (31 + upperBound.hashCode());
        }

        @Override
        public String toString() {
            if (lowerBound != null) {
                return "? super " + typeToString(lowerBound);
            } else if (upperBound == Object.class) {
                return "?";
            } else {
                return "? extends " + typeToString(upperBound);
            }
        }

        private static final long serialVersionUID = 0;
    }
}

If the class is in generated code or otherwise not present in the source, this is expected and this message can be safely ignored. If you do see the class on the source code, please report this bug at: https://github.com/nimakarimipour/NullAwayAnnotator/issues. Thank you!
Could not find class of type: Top-Level with name:  on Cursor:
/**
 * Copyright (C) 2008 Google Inc.
 *
 * <p>Licensed under the Apache License, Version 2.0 (the "License"); you may not use this file
 * except in compliance with the License. You may obtain a copy of the License at
 *
 * <p>http://www.apache.org/licenses/LICENSE-2.0
 *
 * <p>Unless required by applicable law or agreed to in writing, software distributed under the
 * License is distributed on an "AS IS" BASIS, WITHOUT WARRANTIES OR CONDITIONS OF ANY KIND, either
 * express or implied. See the License for the specific language governing permissions and
 * limitations under the License.
 */
package com.google.gson.internal;

import static com.google.gson.internal.$Gson$Preconditions.checkArgument;
import static com.google.gson.internal.$Gson$Preconditions.checkNotNull;
import java.io.Serializable;
import java.lang.reflect.Array;
import java.lang.reflect.GenericArrayType;
import java.lang.reflect.GenericDeclaration;
import java.lang.reflect.Modifier;
import java.lang.reflect.ParameterizedType;
import java.lang.reflect.Type;
import java.lang.reflect.TypeVariable;
import java.lang.reflect.WildcardType;
import java.util.*;

/**
 * Static methods for working with types.
 *
 * @author Bob Lee
 * @author Jesse Wilson
 */
public final class $Gson$Types {

    static final Type[] EMPTY_TYPE_ARRAY = new Type[] {};

    private $Gson$Types() {
        throw new UnsupportedOperationException();
    }

    /**
     * Returns a new parameterized type, applying {@code typeArguments} to {@code rawType} and
     * enclosed by {@code ownerType}.
     *
     * @return a {@link java.io.Serializable serializable} parameterized type.
     */
    public static ParameterizedType newParameterizedTypeWithOwner(Type ownerType, Type rawType, Type... typeArguments) {
        return new ParameterizedTypeImpl(ownerType, rawType, typeArguments);
    }

    /**
     * Returns an array type whose elements are all instances of {@code componentType}.
     *
     * @return a {@link java.io.Serializable serializable} generic array type.
     */
    public static GenericArrayType arrayOf(Type componentType) {
        return new GenericArrayTypeImpl(componentType);
    }

    /**
     * Returns a type that represents an unknown type that extends {@code bound}. For example, if
     * {@code bound} is {@code CharSequence.class}, this returns {@code ? extends CharSequence}. If
     * {@code bound} is {@code Object.class}, this returns {@code ?}, which is shorthand for {@code ?
     * extends Object}.
     */
    public static WildcardType subtypeOf(Type bound) {
        Type[] upperBounds;
        if (bound instanceof WildcardType) {
            upperBounds = ((WildcardType) bound).getUpperBounds();
        } else {
            upperBounds = new Type[] { bound };
        }
        return new WildcardTypeImpl(upperBounds, EMPTY_TYPE_ARRAY);
    }

    /**
     * Returns a type that represents an unknown supertype of {@code bound}. For example, if {@code
     * bound} is {@code String.class}, this returns {@code ? super String}.
     */
    public static WildcardType supertypeOf(Type bound) {
        Type[] lowerBounds;
        if (bound instanceof WildcardType) {
            lowerBounds = ((WildcardType) bound).getLowerBounds();
        } else {
            lowerBounds = new Type[] { bound };
        }
        return new WildcardTypeImpl(new Type[] { Object.class }, lowerBounds);
    }

    /**
     * Returns a type that is functionally equal but not necessarily equal according to {@link
     * Object#equals(Object) Object.equals()}. The returned type is {@link java.io.Serializable}.
     */
    public static Type canonicalize(Type type) {
        if (type instanceof Class) {
            Class<?> c = (Class<?>) type;
            return c.isArray() ? new GenericArrayTypeImpl(canonicalize(c.getComponentType())) : c;
        } else if (type instanceof ParameterizedType) {
            ParameterizedType p = (ParameterizedType) type;
            return new ParameterizedTypeImpl(p.getOwnerType(), p.getRawType(), p.getActualTypeArguments());
        } else if (type instanceof GenericArrayType) {
            GenericArrayType g = (GenericArrayType) type;
            return new GenericArrayTypeImpl(g.getGenericComponentType());
        } else if (type instanceof WildcardType) {
            WildcardType w = (WildcardType) type;
            return new WildcardTypeImpl(w.getUpperBounds(), w.getLowerBounds());
        } else {
            // type is either serializable as-is or unsupported
            return type;
        }
    }

    public static Class<?> getRawType(Type type) {
        if (type instanceof Class<?>) {
            // type is a normal class.
            return (Class<?>) type;
        } else if (type instanceof ParameterizedType) {
            ParameterizedType parameterizedType = (ParameterizedType) type;
            // I'm not exactly sure why getRawType() returns Type instead of Class.
            // Neal isn't either but suspects some pathological case related
            // to nested classes exists.
            Type rawType = parameterizedType.getRawType();
            checkArgument(rawType instanceof Class);
            return (Class<?>) rawType;
        } else if (type instanceof GenericArrayType) {
            Type componentType = ((GenericArrayType) type).getGenericComponentType();
            return Array.newInstance(getRawType(componentType), 0).getClass();
        } else if (type instanceof TypeVariable) {
            // we could use the variable's bounds, but that won't work if there are multiple.
            // having a raw type that's more general than necessary is okay
            return Object.class;
        } else if (type instanceof WildcardType) {
            return getRawType(((WildcardType) type).getUpperBounds()[0]);
        } else {
            String className = type == null ? "null" : type.getClass().getName();
            throw new IllegalArgumentException("Expected a Class, ParameterizedType, or " + "GenericArrayType, but <" + type + "> is of type " + className);
        }
    }

    static boolean equal(Object a, Object b) {
        return a == b || (a != null && a.equals(b));
    }

    /**
     * Returns true if {@code a} and {@code b} are equal.
     */
    public static boolean equals(Type a, Type b) {
        if (a == b) {
            // also handles (a == null && b == null)
            return true;
        } else if (a instanceof Class) {
            // Class already specifies equals().
            return a.equals(b);
        } else if (a instanceof ParameterizedType) {
            if (!(b instanceof ParameterizedType)) {
                return false;
            }
            // TODO: save a .clone() call
            ParameterizedType pa = (ParameterizedType) a;
            ParameterizedType pb = (ParameterizedType) b;
            return equal(pa.getOwnerType(), pb.getOwnerType()) && pa.getRawType().equals(pb.getRawType()) && Arrays.equals(pa.getActualTypeArguments(), pb.getActualTypeArguments());
        } else if (a instanceof GenericArrayType) {
            if (!(b instanceof GenericArrayType)) {
                return false;
            }
            GenericArrayType ga = (GenericArrayType) a;
            GenericArrayType gb = (GenericArrayType) b;
            return equals(ga.getGenericComponentType(), gb.getGenericComponentType());
        } else if (a instanceof WildcardType) {
            if (!(b instanceof WildcardType)) {
                return false;
            }
            WildcardType wa = (WildcardType) a;
            WildcardType wb = (WildcardType) b;
            return Arrays.equals(wa.getUpperBounds(), wb.getUpperBounds()) && Arrays.equals(wa.getLowerBounds(), wb.getLowerBounds());
        } else if (a instanceof TypeVariable) {
            if (!(b instanceof TypeVariable)) {
                return false;
            }
            TypeVariable<?> va = (TypeVariable<?>) a;
            TypeVariable<?> vb = (TypeVariable<?>) b;
            return va.getGenericDeclaration() == vb.getGenericDeclaration() && va.getName().equals(vb.getName());
        } else {
            // This isn't a type we support. Could be a generic array type, wildcard type, etc.
            return false;
        }
    }

    static int hashCodeOrZero(Object o) {
        return o != null ? o.hashCode() : 0;
    }

    public static String typeToString(Type type) {
        return type instanceof Class ? ((Class<?>) type).getName() : type.toString();
    }

    /**
     * Returns the generic supertype for {@code supertype}. For example, given a class {@code
     * IntegerSet}, the result for when supertype is {@code Set.class} is {@code Set<Integer>} and the
     * result when the supertype is {@code Collection.class} is {@code Collection<Integer>}.
     */
    static Type getGenericSupertype(Type context, Class<?> rawType, Class<?> toResolve) {
        if (toResolve == rawType) {
            return context;
        }
        // we skip searching through interfaces if unknown is an interface
        if (toResolve.isInterface()) {
            Class<?>[] interfaces = rawType.getInterfaces();
            for (int i = 0, length = interfaces.length; i < length; i++) {
                if (interfaces[i] == toResolve) {
                    return rawType.getGenericInterfaces()[i];
                } else if (toResolve.isAssignableFrom(interfaces[i])) {
                    return getGenericSupertype(rawType.getGenericInterfaces()[i], interfaces[i], toResolve);
                }
            }
        }
        // check our supertypes
        if (!rawType.isInterface()) {
            while (rawType != Object.class) {
                Class<?> rawSupertype = rawType.getSuperclass();
                if (rawSupertype == toResolve) {
                    return rawType.getGenericSuperclass();
                } else if (toResolve.isAssignableFrom(rawSupertype)) {
                    return getGenericSupertype(rawType.getGenericSuperclass(), rawSupertype, toResolve);
                }
                rawType = rawSupertype;
            }
        }
        // we can't resolve this further
        return toResolve;
    }

    /**
     * Returns the generic form of {@code supertype}. For example, if this is {@code
     * ArrayList<String>}, this returns {@code Iterable<String>} given the input {@code
     * Iterable.class}.
     *
     * @param supertype a superclass of, or interface implemented by, this.
     */
    static Type getSupertype(Type context, Class<?> contextRawType, Class<?> supertype) {
        if (context instanceof WildcardType) {
            // wildcards are useless for resolving supertypes. As the upper bound has the same raw type,
            // use it instead
            context = ((WildcardType) context).getUpperBounds()[0];
        }
        checkArgument(supertype.isAssignableFrom(contextRawType));
        return resolve(context, contextRawType, $Gson$Types.getGenericSupertype(context, contextRawType, supertype));
    }

    /**
     * Returns the component type of this array type.
     *
     * @throws ClassCastException if this type is not an array.
     */
    public static Type getArrayComponentType(Type array) {
        return array instanceof GenericArrayType ? ((GenericArrayType) array).getGenericComponentType() : ((Class<?>) array).getComponentType();
    }

    /**
     * Returns the element type of this collection type.
     *
     * @throws IllegalArgumentException if this type is not a collection.
     */
    public static Type getCollectionElementType(Type context, Class<?> contextRawType) {
        Type collectionType = getSupertype(context, contextRawType, Collection.class);
        if (collectionType instanceof WildcardType) {
            collectionType = ((WildcardType) collectionType).getUpperBounds()[0];
        }
        if (collectionType instanceof ParameterizedType) {
            return ((ParameterizedType) collectionType).getActualTypeArguments()[0];
        }
        return Object.class;
    }

    /**
     * Returns a two element array containing this map's key and value types in positions 0 and 1
     * respectively.
     */
    public static Type[] getMapKeyAndValueTypes(Type context, Class<?> contextRawType) {
        /*
     * Work around a problem with the declaration of java.util.Properties. That
     * class should extend Hashtable<String, String>, but it's declared to
     * extend Hashtable<Object, Object>.
     */
        if (context == Properties.class) {
            // TODO: test subclasses of Properties!
            return new Type[] { String.class, String.class };
        }
        Type mapType = getSupertype(context, contextRawType, Map.class);
        // TODO: strip wildcards?
        if (mapType instanceof ParameterizedType) {
            ParameterizedType mapParameterizedType = (ParameterizedType) mapType;
            return mapParameterizedType.getActualTypeArguments();
        }
        return new Type[] { Object.class, Object.class };
    }

    public static Type resolve(Type context, Class<?> contextRawType, Type toResolve) {
        return resolve(context, contextRawType, toResolve, new HashSet<TypeVariable>());
    }

    private static Type resolve(Type context, Class<?> contextRawType, Type toResolve, Collection<TypeVariable> visitedTypeVariables) {
        // this implementation is made a little more complicated in an attempt to avoid object-creation
        while (true) {
            if (toResolve instanceof TypeVariable) {
                TypeVariable<?> typeVariable = (TypeVariable<?>) toResolve;
                if (visitedTypeVariables.contains(typeVariable)) {
                    // cannot reduce due to infinite recursion
                    return toResolve;
                } else {
                    visitedTypeVariables.add(typeVariable);
                }
                toResolve = resolveTypeVariable(context, contextRawType, typeVariable);
                if (toResolve == typeVariable) {
                    return toResolve;
                }
            } else if (toResolve instanceof Class && ((Class<?>) toResolve).isArray()) {
                Class<?> original = (Class<?>) toResolve;
                Type componentType = original.getComponentType();
                Type newComponentType = resolve(context, contextRawType, componentType, visitedTypeVariables);
                return componentType == newComponentType ? original : arrayOf(newComponentType);
            } else if (toResolve instanceof GenericArrayType) {
                GenericArrayType original = (GenericArrayType) toResolve;
                Type componentType = original.getGenericComponentType();
                Type newComponentType = resolve(context, contextRawType, componentType, visitedTypeVariables);
                return componentType == newComponentType ? original : arrayOf(newComponentType);
            } else if (toResolve instanceof ParameterizedType) {
                ParameterizedType original = (ParameterizedType) toResolve;
                Type ownerType = original.getOwnerType();
                Type newOwnerType = resolve(context, contextRawType, ownerType, visitedTypeVariables);
                boolean changed = newOwnerType != ownerType;
                Type[] args = original.getActualTypeArguments();
                for (int t = 0, length = args.length; t < length; t++) {
                    Type resolvedTypeArgument = resolve(context, contextRawType, args[t], visitedTypeVariables);
                    if (resolvedTypeArgument != args[t]) {
                        if (!changed) {
                            args = args.clone();
                            changed = true;
                        }
                        args[t] = resolvedTypeArgument;
                    }
                }
                return changed ? newParameterizedTypeWithOwner(newOwnerType, original.getRawType(), args) : original;
            } else if (toResolve instanceof WildcardType) {
                WildcardType original = (WildcardType) toResolve;
                Type[] originalLowerBound = original.getLowerBounds();
                Type[] originalUpperBound = original.getUpperBounds();
                if (originalLowerBound.length == 1) {
                    Type lowerBound = resolve(context, contextRawType, originalLowerBound[0], visitedTypeVariables);
                    if (lowerBound != originalLowerBound[0]) {
                        return supertypeOf(lowerBound);
                    }
                } else if (originalUpperBound.length == 1) {
                    Type upperBound = resolve(context, contextRawType, originalUpperBound[0], visitedTypeVariables);
                    if (upperBound != originalUpperBound[0]) {
                        return subtypeOf(upperBound);
                    }
                }
                return original;
            } else {
                return toResolve;
            }
        }
    }

    static Type resolveTypeVariable(Type context, Class<?> contextRawType, TypeVariable<?> unknown) {
        Class<?> declaredByRaw = declaringClassOf(unknown);
        // we can't reduce this further
        if (declaredByRaw == null) {
            return unknown;
        }
        Type declaredBy = getGenericSupertype(context, contextRawType, declaredByRaw);
        if (declaredBy instanceof ParameterizedType) {
            int index = indexOf(declaredByRaw.getTypeParameters(), unknown);
            return ((ParameterizedType) declaredBy).getActualTypeArguments()[index];
        }
        return unknown;
    }

    private static int indexOf(Object[] array, Object toFind) {
        for (int i = 0, length = array.length; i < length; i++) {
            if (toFind.equals(array[i])) {
                return i;
            }
        }
        throw new NoSuchElementException();
    }

    /**
     * Returns the declaring class of {@code typeVariable}, or {@code null} if it was not declared by
     * a class.
     */
    private static Class<?> declaringClassOf(TypeVariable<?> typeVariable) {
        GenericDeclaration genericDeclaration = typeVariable.getGenericDeclaration();
        return genericDeclaration instanceof Class ? (Class<?>) genericDeclaration : null;
    }

    static void checkNotPrimitive(Type type) {
        checkArgument(!(type instanceof Class<?>) || !((Class<?>) type).isPrimitive());
    }

    private static final class ParameterizedTypeImpl implements ParameterizedType, Serializable {

        private final Type ownerType;

        private final Type rawType;

        private final Type[] typeArguments;

        public ParameterizedTypeImpl(Type ownerType, Type rawType, Type... typeArguments) {
            // require an owner type if the raw type needs it
            if (rawType instanceof Class<?>) {
                Class<?> rawTypeAsClass = (Class<?>) rawType;
                boolean isStaticOrTopLevelClass = Modifier.isStatic(rawTypeAsClass.getModifiers()) || rawTypeAsClass.getEnclosingClass() == null;
                checkArgument(ownerType != null || isStaticOrTopLevelClass);
            }
            this.ownerType = ownerType == null ? null : canonicalize(ownerType);
            this.rawType = canonicalize(rawType);
            this.typeArguments = typeArguments.clone();
            for (int t = 0, length = this.typeArguments.length; t < length; t++) {
                checkNotNull(this.typeArguments[t]);
                checkNotPrimitive(this.typeArguments[t]);
                this.typeArguments[t] = canonicalize(this.typeArguments[t]);
            }
        }

        public Type[] getActualTypeArguments() {
            return typeArguments.clone();
        }

        public Type getRawType() {
            return rawType;
        }

        public Type getOwnerType() {
            return ownerType;
        }

        @Override
        public boolean equals(Object other) {
            return other instanceof ParameterizedType && $Gson$Types.equals(this, (ParameterizedType) other);
        }

        @Override
        public int hashCode() {
            return Arrays.hashCode(typeArguments) ^ rawType.hashCode() ^ hashCodeOrZero(ownerType);
        }

        @Override
        public String toString() {
            int length = typeArguments.length;
            if (length == 0) {
                return typeToString(rawType);
            }
            StringBuilder stringBuilder = new StringBuilder(30 * (length + 1));
            stringBuilder.append(typeToString(rawType)).append("<").append(typeToString(typeArguments[0]));
            for (int i = 1; i < length; i++) {
                stringBuilder.append(", ").append(typeToString(typeArguments[i]));
            }
            return stringBuilder.append(">").toString();
        }

        private static final long serialVersionUID = 0;
    }

    private static final class GenericArrayTypeImpl implements GenericArrayType, Serializable {

        private final Type componentType;

        public GenericArrayTypeImpl(Type componentType) {
            this.componentType = canonicalize(componentType);
        }

        public Type getGenericComponentType() {
            return componentType;
        }

        @Override
        public boolean equals(Object o) {
            return o instanceof GenericArrayType && $Gson$Types.equals(this, (GenericArrayType) o);
        }

        @Override
        public int hashCode() {
            return componentType.hashCode();
        }

        @Override
        public String toString() {
            return typeToString(componentType) + "[]";
        }

        private static final long serialVersionUID = 0;
    }

    /**
     * The WildcardType interface supports multiple upper bounds and multiple lower bounds. We only
     * support what the Java 6 language needs - at most one bound. If a lower bound is set, the upper
     * bound must be Object.class.
     */
    private static final class WildcardTypeImpl implements WildcardType, Serializable {

        private final Type upperBound;

        private final Type lowerBound;

        public WildcardTypeImpl(Type[] upperBounds, Type[] lowerBounds) {
            checkArgument(lowerBounds.length <= 1);
            checkArgument(upperBounds.length == 1);
            if (lowerBounds.length == 1) {
                checkNotNull(lowerBounds[0]);
                checkNotPrimitive(lowerBounds[0]);
                checkArgument(upperBounds[0] == Object.class);
                this.lowerBound = canonicalize(lowerBounds[0]);
                this.upperBound = Object.class;
            } else {
                checkNotNull(upperBounds[0]);
                checkNotPrimitive(upperBounds[0]);
                this.lowerBound = null;
                this.upperBound = canonicalize(upperBounds[0]);
            }
        }

        public Type[] getUpperBounds() {
            return new Type[] { upperBound };
        }

        public Type[] getLowerBounds() {
            return lowerBound != null ? new Type[] { lowerBound } : EMPTY_TYPE_ARRAY;
        }

        @Override
        public boolean equals(Object other) {
            return other instanceof WildcardType && $Gson$Types.equals(this, (WildcardType) other);
        }

        @Override
        public int hashCode() {
            // this equals Arrays.hashCode(getLowerBounds()) ^ Arrays.hashCode(getUpperBounds());
            return (lowerBound != null ? 31 + lowerBound.hashCode() : 1) ^ (31 + upperBound.hashCode());
        }

        @Override
        public String toString() {
            if (lowerBound != null) {
                return "? super " + typeToString(lowerBound);
            } else if (upperBound == Object.class) {
                return "?";
            } else {
                return "? extends " + typeToString(upperBound);
            }
        }

        private static final long serialVersionUID = 0;
    }
}

If the class is in generated code or otherwise not present in the source, this is expected and this message can be safely ignored. If you do see the class on the source code, please report this bug at: https://github.com/nimakarimipour/NullAwayAnnotator/issues. Thank you!
Could not find class of type: Top-Level with name:  on Cursor:
/**
 * Copyright (C) 2008 Google Inc.
 *
 * <p>Licensed under the Apache License, Version 2.0 (the "License"); you may not use this file
 * except in compliance with the License. You may obtain a copy of the License at
 *
 * <p>http://www.apache.org/licenses/LICENSE-2.0
 *
 * <p>Unless required by applicable law or agreed to in writing, software distributed under the
 * License is distributed on an "AS IS" BASIS, WITHOUT WARRANTIES OR CONDITIONS OF ANY KIND, either
 * express or implied. See the License for the specific language governing permissions and
 * limitations under the License.
 */
package com.google.gson.internal;

import static com.google.gson.internal.$Gson$Preconditions.checkArgument;
import static com.google.gson.internal.$Gson$Preconditions.checkNotNull;
import java.io.Serializable;
import java.lang.reflect.Array;
import java.lang.reflect.GenericArrayType;
import java.lang.reflect.GenericDeclaration;
import java.lang.reflect.Modifier;
import java.lang.reflect.ParameterizedType;
import java.lang.reflect.Type;
import java.lang.reflect.TypeVariable;
import java.lang.reflect.WildcardType;
import java.util.*;

/**
 * Static methods for working with types.
 *
 * @author Bob Lee
 * @author Jesse Wilson
 */
public final class $Gson$Types {

    static final Type[] EMPTY_TYPE_ARRAY = new Type[] {};

    private $Gson$Types() {
        throw new UnsupportedOperationException();
    }

    /**
     * Returns a new parameterized type, applying {@code typeArguments} to {@code rawType} and
     * enclosed by {@code ownerType}.
     *
     * @return a {@link java.io.Serializable serializable} parameterized type.
     */
    public static ParameterizedType newParameterizedTypeWithOwner(Type ownerType, Type rawType, Type... typeArguments) {
        return new ParameterizedTypeImpl(ownerType, rawType, typeArguments);
    }

    /**
     * Returns an array type whose elements are all instances of {@code componentType}.
     *
     * @return a {@link java.io.Serializable serializable} generic array type.
     */
    public static GenericArrayType arrayOf(Type componentType) {
        return new GenericArrayTypeImpl(componentType);
    }

    /**
     * Returns a type that represents an unknown type that extends {@code bound}. For example, if
     * {@code bound} is {@code CharSequence.class}, this returns {@code ? extends CharSequence}. If
     * {@code bound} is {@code Object.class}, this returns {@code ?}, which is shorthand for {@code ?
     * extends Object}.
     */
    public static WildcardType subtypeOf(Type bound) {
        Type[] upperBounds;
        if (bound instanceof WildcardType) {
            upperBounds = ((WildcardType) bound).getUpperBounds();
        } else {
            upperBounds = new Type[] { bound };
        }
        return new WildcardTypeImpl(upperBounds, EMPTY_TYPE_ARRAY);
    }

    /**
     * Returns a type that represents an unknown supertype of {@code bound}. For example, if {@code
     * bound} is {@code String.class}, this returns {@code ? super String}.
     */
    public static WildcardType supertypeOf(Type bound) {
        Type[] lowerBounds;
        if (bound instanceof WildcardType) {
            lowerBounds = ((WildcardType) bound).getLowerBounds();
        } else {
            lowerBounds = new Type[] { bound };
        }
        return new WildcardTypeImpl(new Type[] { Object.class }, lowerBounds);
    }

    /**
     * Returns a type that is functionally equal but not necessarily equal according to {@link
     * Object#equals(Object) Object.equals()}. The returned type is {@link java.io.Serializable}.
     */
    public static Type canonicalize(Type type) {
        if (type instanceof Class) {
            Class<?> c = (Class<?>) type;
            return c.isArray() ? new GenericArrayTypeImpl(canonicalize(c.getComponentType())) : c;
        } else if (type instanceof ParameterizedType) {
            ParameterizedType p = (ParameterizedType) type;
            return new ParameterizedTypeImpl(p.getOwnerType(), p.getRawType(), p.getActualTypeArguments());
        } else if (type instanceof GenericArrayType) {
            GenericArrayType g = (GenericArrayType) type;
            return new GenericArrayTypeImpl(g.getGenericComponentType());
        } else if (type instanceof WildcardType) {
            WildcardType w = (WildcardType) type;
            return new WildcardTypeImpl(w.getUpperBounds(), w.getLowerBounds());
        } else {
            // type is either serializable as-is or unsupported
            return type;
        }
    }

    public static Class<?> getRawType(Type type) {
        if (type instanceof Class<?>) {
            // type is a normal class.
            return (Class<?>) type;
        } else if (type instanceof ParameterizedType) {
            ParameterizedType parameterizedType = (ParameterizedType) type;
            // I'm not exactly sure why getRawType() returns Type instead of Class.
            // Neal isn't either but suspects some pathological case related
            // to nested classes exists.
            Type rawType = parameterizedType.getRawType();
            checkArgument(rawType instanceof Class);
            return (Class<?>) rawType;
        } else if (type instanceof GenericArrayType) {
            Type componentType = ((GenericArrayType) type).getGenericComponentType();
            return Array.newInstance(getRawType(componentType), 0).getClass();
        } else if (type instanceof TypeVariable) {
            // we could use the variable's bounds, but that won't work if there are multiple.
            // having a raw type that's more general than necessary is okay
            return Object.class;
        } else if (type instanceof WildcardType) {
            return getRawType(((WildcardType) type).getUpperBounds()[0]);
        } else {
            String className = type == null ? "null" : type.getClass().getName();
            throw new IllegalArgumentException("Expected a Class, ParameterizedType, or " + "GenericArrayType, but <" + type + "> is of type " + className);
        }
    }

    static boolean equal(Object a, Object b) {
        return a == b || (a != null && a.equals(b));
    }

    /**
     * Returns true if {@code a} and {@code b} are equal.
     */
    public static boolean equals(Type a, Type b) {
        if (a == b) {
            // also handles (a == null && b == null)
            return true;
        } else if (a instanceof Class) {
            // Class already specifies equals().
            return a.equals(b);
        } else if (a instanceof ParameterizedType) {
            if (!(b instanceof ParameterizedType)) {
                return false;
            }
            // TODO: save a .clone() call
            ParameterizedType pa = (ParameterizedType) a;
            ParameterizedType pb = (ParameterizedType) b;
            return equal(pa.getOwnerType(), pb.getOwnerType()) && pa.getRawType().equals(pb.getRawType()) && Arrays.equals(pa.getActualTypeArguments(), pb.getActualTypeArguments());
        } else if (a instanceof GenericArrayType) {
            if (!(b instanceof GenericArrayType)) {
                return false;
            }
            GenericArrayType ga = (GenericArrayType) a;
            GenericArrayType gb = (GenericArrayType) b;
            return equals(ga.getGenericComponentType(), gb.getGenericComponentType());
        } else if (a instanceof WildcardType) {
            if (!(b instanceof WildcardType)) {
                return false;
            }
            WildcardType wa = (WildcardType) a;
            WildcardType wb = (WildcardType) b;
            return Arrays.equals(wa.getUpperBounds(), wb.getUpperBounds()) && Arrays.equals(wa.getLowerBounds(), wb.getLowerBounds());
        } else if (a instanceof TypeVariable) {
            if (!(b instanceof TypeVariable)) {
                return false;
            }
            TypeVariable<?> va = (TypeVariable<?>) a;
            TypeVariable<?> vb = (TypeVariable<?>) b;
            return va.getGenericDeclaration() == vb.getGenericDeclaration() && va.getName().equals(vb.getName());
        } else {
            // This isn't a type we support. Could be a generic array type, wildcard type, etc.
            return false;
        }
    }

    static int hashCodeOrZero(Object o) {
        return o != null ? o.hashCode() : 0;
    }

    public static String typeToString(Type type) {
        return type instanceof Class ? ((Class<?>) type).getName() : type.toString();
    }

    /**
     * Returns the generic supertype for {@code supertype}. For example, given a class {@code
     * IntegerSet}, the result for when supertype is {@code Set.class} is {@code Set<Integer>} and the
     * result when the supertype is {@code Collection.class} is {@code Collection<Integer>}.
     */
    static Type getGenericSupertype(Type context, Class<?> rawType, Class<?> toResolve) {
        if (toResolve == rawType) {
            return context;
        }
        // we skip searching through interfaces if unknown is an interface
        if (toResolve.isInterface()) {
            Class<?>[] interfaces = rawType.getInterfaces();
            for (int i = 0, length = interfaces.length; i < length; i++) {
                if (interfaces[i] == toResolve) {
                    return rawType.getGenericInterfaces()[i];
                } else if (toResolve.isAssignableFrom(interfaces[i])) {
                    return getGenericSupertype(rawType.getGenericInterfaces()[i], interfaces[i], toResolve);
                }
            }
        }
        // check our supertypes
        if (!rawType.isInterface()) {
            while (rawType != Object.class) {
                Class<?> rawSupertype = rawType.getSuperclass();
                if (rawSupertype == toResolve) {
                    return rawType.getGenericSuperclass();
                } else if (toResolve.isAssignableFrom(rawSupertype)) {
                    return getGenericSupertype(rawType.getGenericSuperclass(), rawSupertype, toResolve);
                }
                rawType = rawSupertype;
            }
        }
        // we can't resolve this further
        return toResolve;
    }

    /**
     * Returns the generic form of {@code supertype}. For example, if this is {@code
     * ArrayList<String>}, this returns {@code Iterable<String>} given the input {@code
     * Iterable.class}.
     *
     * @param supertype a superclass of, or interface implemented by, this.
     */
    static Type getSupertype(Type context, Class<?> contextRawType, Class<?> supertype) {
        if (context instanceof WildcardType) {
            // wildcards are useless for resolving supertypes. As the upper bound has the same raw type,
            // use it instead
            context = ((WildcardType) context).getUpperBounds()[0];
        }
        checkArgument(supertype.isAssignableFrom(contextRawType));
        return resolve(context, contextRawType, $Gson$Types.getGenericSupertype(context, contextRawType, supertype));
    }

    /**
     * Returns the component type of this array type.
     *
     * @throws ClassCastException if this type is not an array.
     */
    public static Type getArrayComponentType(Type array) {
        return array instanceof GenericArrayType ? ((GenericArrayType) array).getGenericComponentType() : ((Class<?>) array).getComponentType();
    }

    /**
     * Returns the element type of this collection type.
     *
     * @throws IllegalArgumentException if this type is not a collection.
     */
    public static Type getCollectionElementType(Type context, Class<?> contextRawType) {
        Type collectionType = getSupertype(context, contextRawType, Collection.class);
        if (collectionType instanceof WildcardType) {
            collectionType = ((WildcardType) collectionType).getUpperBounds()[0];
        }
        if (collectionType instanceof ParameterizedType) {
            return ((ParameterizedType) collectionType).getActualTypeArguments()[0];
        }
        return Object.class;
    }

    /**
     * Returns a two element array containing this map's key and value types in positions 0 and 1
     * respectively.
     */
    public static Type[] getMapKeyAndValueTypes(Type context, Class<?> contextRawType) {
        /*
     * Work around a problem with the declaration of java.util.Properties. That
     * class should extend Hashtable<String, String>, but it's declared to
     * extend Hashtable<Object, Object>.
     */
        if (context == Properties.class) {
            // TODO: test subclasses of Properties!
            return new Type[] { String.class, String.class };
        }
        Type mapType = getSupertype(context, contextRawType, Map.class);
        // TODO: strip wildcards?
        if (mapType instanceof ParameterizedType) {
            ParameterizedType mapParameterizedType = (ParameterizedType) mapType;
            return mapParameterizedType.getActualTypeArguments();
        }
        return new Type[] { Object.class, Object.class };
    }

    public static Type resolve(Type context, Class<?> contextRawType, Type toResolve) {
        return resolve(context, contextRawType, toResolve, new HashSet<TypeVariable>());
    }

    private static Type resolve(Type context, Class<?> contextRawType, Type toResolve, Collection<TypeVariable> visitedTypeVariables) {
        // this implementation is made a little more complicated in an attempt to avoid object-creation
        while (true) {
            if (toResolve instanceof TypeVariable) {
                TypeVariable<?> typeVariable = (TypeVariable<?>) toResolve;
                if (visitedTypeVariables.contains(typeVariable)) {
                    // cannot reduce due to infinite recursion
                    return toResolve;
                } else {
                    visitedTypeVariables.add(typeVariable);
                }
                toResolve = resolveTypeVariable(context, contextRawType, typeVariable);
                if (toResolve == typeVariable) {
                    return toResolve;
                }
            } else if (toResolve instanceof Class && ((Class<?>) toResolve).isArray()) {
                Class<?> original = (Class<?>) toResolve;
                Type componentType = original.getComponentType();
                Type newComponentType = resolve(context, contextRawType, componentType, visitedTypeVariables);
                return componentType == newComponentType ? original : arrayOf(newComponentType);
            } else if (toResolve instanceof GenericArrayType) {
                GenericArrayType original = (GenericArrayType) toResolve;
                Type componentType = original.getGenericComponentType();
                Type newComponentType = resolve(context, contextRawType, componentType, visitedTypeVariables);
                return componentType == newComponentType ? original : arrayOf(newComponentType);
            } else if (toResolve instanceof ParameterizedType) {
                ParameterizedType original = (ParameterizedType) toResolve;
                Type ownerType = original.getOwnerType();
                Type newOwnerType = resolve(context, contextRawType, ownerType, visitedTypeVariables);
                boolean changed = newOwnerType != ownerType;
                Type[] args = original.getActualTypeArguments();
                for (int t = 0, length = args.length; t < length; t++) {
                    Type resolvedTypeArgument = resolve(context, contextRawType, args[t], visitedTypeVariables);
                    if (resolvedTypeArgument != args[t]) {
                        if (!changed) {
                            args = args.clone();
                            changed = true;
                        }
                        args[t] = resolvedTypeArgument;
                    }
                }
                return changed ? newParameterizedTypeWithOwner(newOwnerType, original.getRawType(), args) : original;
            } else if (toResolve instanceof WildcardType) {
                WildcardType original = (WildcardType) toResolve;
                Type[] originalLowerBound = original.getLowerBounds();
                Type[] originalUpperBound = original.getUpperBounds();
                if (originalLowerBound.length == 1) {
                    Type lowerBound = resolve(context, contextRawType, originalLowerBound[0], visitedTypeVariables);
                    if (lowerBound != originalLowerBound[0]) {
                        return supertypeOf(lowerBound);
                    }
                } else if (originalUpperBound.length == 1) {
                    Type upperBound = resolve(context, contextRawType, originalUpperBound[0], visitedTypeVariables);
                    if (upperBound != originalUpperBound[0]) {
                        return subtypeOf(upperBound);
                    }
                }
                return original;
            } else {
                return toResolve;
            }
        }
    }

    static Type resolveTypeVariable(Type context, Class<?> contextRawType, TypeVariable<?> unknown) {
        Class<?> declaredByRaw = declaringClassOf(unknown);
        // we can't reduce this further
        if (declaredByRaw == null) {
            return unknown;
        }
        Type declaredBy = getGenericSupertype(context, contextRawType, declaredByRaw);
        if (declaredBy instanceof ParameterizedType) {
            int index = indexOf(declaredByRaw.getTypeParameters(), unknown);
            return ((ParameterizedType) declaredBy).getActualTypeArguments()[index];
        }
        return unknown;
    }

    private static int indexOf(Object[] array, Object toFind) {
        for (int i = 0, length = array.length; i < length; i++) {
            if (toFind.equals(array[i])) {
                return i;
            }
        }
        throw new NoSuchElementException();
    }

    /**
     * Returns the declaring class of {@code typeVariable}, or {@code null} if it was not declared by
     * a class.
     */
    private static Class<?> declaringClassOf(TypeVariable<?> typeVariable) {
        GenericDeclaration genericDeclaration = typeVariable.getGenericDeclaration();
        return genericDeclaration instanceof Class ? (Class<?>) genericDeclaration : null;
    }

    static void checkNotPrimitive(Type type) {
        checkArgument(!(type instanceof Class<?>) || !((Class<?>) type).isPrimitive());
    }

    private static final class ParameterizedTypeImpl implements ParameterizedType, Serializable {

        private final Type ownerType;

        private final Type rawType;

        private final Type[] typeArguments;

        public ParameterizedTypeImpl(Type ownerType, Type rawType, Type... typeArguments) {
            // require an owner type if the raw type needs it
            if (rawType instanceof Class<?>) {
                Class<?> rawTypeAsClass = (Class<?>) rawType;
                boolean isStaticOrTopLevelClass = Modifier.isStatic(rawTypeAsClass.getModifiers()) || rawTypeAsClass.getEnclosingClass() == null;
                checkArgument(ownerType != null || isStaticOrTopLevelClass);
            }
            this.ownerType = ownerType == null ? null : canonicalize(ownerType);
            this.rawType = canonicalize(rawType);
            this.typeArguments = typeArguments.clone();
            for (int t = 0, length = this.typeArguments.length; t < length; t++) {
                checkNotNull(this.typeArguments[t]);
                checkNotPrimitive(this.typeArguments[t]);
                this.typeArguments[t] = canonicalize(this.typeArguments[t]);
            }
        }

        public Type[] getActualTypeArguments() {
            return typeArguments.clone();
        }

        public Type getRawType() {
            return rawType;
        }

        public Type getOwnerType() {
            return ownerType;
        }

        @Override
        public boolean equals(Object other) {
            return other instanceof ParameterizedType && $Gson$Types.equals(this, (ParameterizedType) other);
        }

        @Override
        public int hashCode() {
            return Arrays.hashCode(typeArguments) ^ rawType.hashCode() ^ hashCodeOrZero(ownerType);
        }

        @Override
        public String toString() {
            int length = typeArguments.length;
            if (length == 0) {
                return typeToString(rawType);
            }
            StringBuilder stringBuilder = new StringBuilder(30 * (length + 1));
            stringBuilder.append(typeToString(rawType)).append("<").append(typeToString(typeArguments[0]));
            for (int i = 1; i < length; i++) {
                stringBuilder.append(", ").append(typeToString(typeArguments[i]));
            }
            return stringBuilder.append(">").toString();
        }

        private static final long serialVersionUID = 0;
    }

    private static final class GenericArrayTypeImpl implements GenericArrayType, Serializable {

        private final Type componentType;

        public GenericArrayTypeImpl(Type componentType) {
            this.componentType = canonicalize(componentType);
        }

        public Type getGenericComponentType() {
            return componentType;
        }

        @Override
        public boolean equals(Object o) {
            return o instanceof GenericArrayType && $Gson$Types.equals(this, (GenericArrayType) o);
        }

        @Override
        public int hashCode() {
            return componentType.hashCode();
        }

        @Override
        public String toString() {
            return typeToString(componentType) + "[]";
        }

        private static final long serialVersionUID = 0;
    }

    /**
     * The WildcardType interface supports multiple upper bounds and multiple lower bounds. We only
     * support what the Java 6 language needs - at most one bound. If a lower bound is set, the upper
     * bound must be Object.class.
     */
    private static final class WildcardTypeImpl implements WildcardType, Serializable {

        private final Type upperBound;

        private final Type lowerBound;

        public WildcardTypeImpl(Type[] upperBounds, Type[] lowerBounds) {
            checkArgument(lowerBounds.length <= 1);
            checkArgument(upperBounds.length == 1);
            if (lowerBounds.length == 1) {
                checkNotNull(lowerBounds[0]);
                checkNotPrimitive(lowerBounds[0]);
                checkArgument(upperBounds[0] == Object.class);
                this.lowerBound = canonicalize(lowerBounds[0]);
                this.upperBound = Object.class;
            } else {
                checkNotNull(upperBounds[0]);
                checkNotPrimitive(upperBounds[0]);
                this.lowerBound = null;
                this.upperBound = canonicalize(upperBounds[0]);
            }
        }

        public Type[] getUpperBounds() {
            return new Type[] { upperBound };
        }

        public Type[] getLowerBounds() {
            return lowerBound != null ? new Type[] { lowerBound } : EMPTY_TYPE_ARRAY;
        }

        @Override
        public boolean equals(Object other) {
            return other instanceof WildcardType && $Gson$Types.equals(this, (WildcardType) other);
        }

        @Override
        public int hashCode() {
            // this equals Arrays.hashCode(getLowerBounds()) ^ Arrays.hashCode(getUpperBounds());
            return (lowerBound != null ? 31 + lowerBound.hashCode() : 1) ^ (31 + upperBound.hashCode());
        }

        @Override
        public String toString() {
            if (lowerBound != null) {
                return "? super " + typeToString(lowerBound);
            } else if (upperBound == Object.class) {
                return "?";
            } else {
                return "? extends " + typeToString(upperBound);
            }
        }

        private static final long serialVersionUID = 0;
    }
}

If the class is in generated code or otherwise not present in the source, this is expected and this message can be safely ignored. If you do see the class on the source code, please report this bug at: https://github.com/nimakarimipour/NullAwayAnnotator/issues. Thank you!

1 : TOP LEVEL CALL TO FIX ERROR: Type='DEREFERENCE_NULLABLE', message='dereferenced expression value is @Nullable'
/home/vscode/nullness-benchmarks/gson/gson/src/main/java/com/google/gson/Gson.java:434
        return new AtomicLong(value.longValue());
Resetting NullAwayCodeFix state.
Sending request to OpenAI...
Response received from OpenAI.
Token usage - Uncached Prompt: 302, Cached Prompt: 0, Completion: 398, Total: 700
Cached response
Sending request to OpenAI...
Response received from OpenAI.
Token usage - Uncached Prompt: 697, Cached Prompt: 0, Completion: 157, Total: 854
Cached response
Sending request to OpenAI...
Response received from OpenAI.
Token usage - Uncached Prompt: 3054, Cached Prompt: 0, Completion: 521, Total: 3575
Cached response
Sending request to OpenAI...
Response received from OpenAI.
Token usage - Uncached Prompt: 488, Cached Prompt: 0, Completion: 84, Total: 572
Cached response
Finished processing.
Time taken to fix error: 32142 ms
Writing log to file...
Logging ChatGPT token usage...
Calculating run metrics...
Running tests...
Trying to commit changes...
Pushing changes to git...
2 : TOP LEVEL CALL TO FIX ERROR: Type='DEREFERENCE_NULLABLE', message='dereferenced expression longAdapter.read(in) is @Nullable'
/home/vscode/nullness-benchmarks/gson/gson/src/main/java/com/google/gson/Gson.java:456
          long value = longAdapter.read(in).longValue();
Resetting NullAwayCodeFix state.
Sending request to OpenAI...
Response received from OpenAI.
Token usage - Uncached Prompt: 389, Cached Prompt: 0, Completion: 616, Total: 1005
Cached response
Retrieving response from cache
Sending request to OpenAI...
Response received from OpenAI.
Token usage - Uncached Prompt: 3045, Cached Prompt: 0, Completion: 490, Total: 3535
Cached response
Sending request to OpenAI...
Response received from OpenAI.
Token usage - Uncached Prompt: 589, Cached Prompt: 0, Completion: 164, Total: 753
Cached response
Finished processing.
Time taken to fix error: 24692 ms
Writing log to file...
Logging ChatGPT token usage...
Calculating run metrics...
Running tests...
Trying to commit changes...
Pushing changes to git...
3 : TOP LEVEL CALL TO FIX ERROR: Type='RETURN_NULLABLE', message='returning @Nullable expression from method with @NonNull return type'
/home/vscode/nullness-benchmarks/gson/gson/src/main/java/com/google/gson/internal/$Gson$Types.java:456
    return genericDeclaration instanceof Class ? (Class<?>) genericDeclaration : null;
Resetting NullAwayCodeFix state.
Error while fixing-------: Cannot read field "path" because "onClass" is null 
 java.lang.NullPointerException: Cannot read field "path" because "onClass" is null
java.lang.NullPointerException: Cannot read field "path" because "onClass" is null
	at edu.ucr.cs.riple.core.util.ASTParser.getRegionSourceCode(ASTParser.java:119)
	at edu.ucr.cs.riple.core.checkers.nullaway.codefix.ChatGPT.checkNullabilityPossibilityAtErrorPoint(ChatGPT.java:721)
	at edu.ucr.cs.riple.core.checkers.nullaway.codefix.AdvancedNullAwayCodeFix.resolveNullableReturnError(AdvancedNullAwayCodeFix.java:260)
	at edu.ucr.cs.riple.core.checkers.nullaway.codefix.AdvancedNullAwayCodeFix.fix(AdvancedNullAwayCodeFix.java:145)
	at edu.ucr.cs.riple.core.checkers.nullaway.NullAway.lambda$resolveRemainingErrors$18(NullAway.java:476)
	at java.base/java.util.ArrayList.forEach(ArrayList.java:1596)
	at edu.ucr.cs.riple.core.checkers.nullaway.NullAway.lambda$resolveRemainingErrors$19(NullAway.java:425)
	at java.base/java.util.stream.ForEachOps$ForEachOp$OfRef.accept(ForEachOps.java:184)
	at java.base/java.util.stream.SortedOps$SizedRefSortingSink.end(SortedOps.java:357)
	at java.base/java.util.stream.AbstractPipeline.copyInto(AbstractPipeline.java:510)
	at java.base/java.util.stream.AbstractPipeline.wrapAndCopyInto(AbstractPipeline.java:499)
	at java.base/java.util.stream.ForEachOps$ForEachOp.evaluateSequential(ForEachOps.java:151)
	at java.base/java.util.stream.ForEachOps$ForEachOp$OfRef.evaluateSequential(ForEachOps.java:174)
	at java.base/java.util.stream.AbstractPipeline.evaluate(AbstractPipeline.java:234)
	at java.base/java.util.stream.ReferencePipeline.forEach(ReferencePipeline.java:596)
	at edu.ucr.cs.riple.core.checkers.nullaway.NullAway.resolveRemainingErrors(NullAway.java:418)
	at edu.ucr.cs.riple.core.Annotator.annotate(Annotator.java:131)
	at edu.ucr.cs.riple.core.Annotator.start(Annotator.java:87)
	at edu.ucr.cs.riple.core.Main.main(Main.java:253)
Time taken to fix error: 4864 ms
Writing log to file...
Logging ChatGPT token usage...
Calculating run metrics...
Trying to commit changes...
4 : TOP LEVEL CALL TO FIX ERROR: Type='ASSIGN_FIELD_NULLABLE', message='assigning @Nullable expression to @NonNull field'
/home/vscode/nullness-benchmarks/gson/gson/src/main/java/com/google/gson/internal/$Gson$Types.java:478
      this.ownerType = ownerType == null ? null : canonicalize(ownerType);
Resetting NullAwayCodeFix state.
Could not find class of type: Top-Level with name:  on Cursor:
/**
 * Copyright (C) 2008 Google Inc.
 *
 * <p>Licensed under the Apache License, Version 2.0 (the "License"); you may not use this file
 * except in compliance with the License. You may obtain a copy of the License at
 *
 * <p>http://www.apache.org/licenses/LICENSE-2.0
 *
 * <p>Unless required by applicable law or agreed to in writing, software distributed under the
 * License is distributed on an "AS IS" BASIS, WITHOUT WARRANTIES OR CONDITIONS OF ANY KIND, either
 * express or implied. See the License for the specific language governing permissions and
 * limitations under the License.
 */
package com.google.gson.internal;

import static com.google.gson.internal.$Gson$Preconditions.checkArgument;
import static com.google.gson.internal.$Gson$Preconditions.checkNotNull;
import java.io.Serializable;
import java.lang.reflect.Array;
import java.lang.reflect.GenericArrayType;
import java.lang.reflect.GenericDeclaration;
import java.lang.reflect.Modifier;
import java.lang.reflect.ParameterizedType;
import java.lang.reflect.Type;
import java.lang.reflect.TypeVariable;
import java.lang.reflect.WildcardType;
import java.util.*;

/**
 * Static methods for working with types.
 *
 * @author Bob Lee
 * @author Jesse Wilson
 */
public final class $Gson$Types {

    static final Type[] EMPTY_TYPE_ARRAY = new Type[] {};

    private $Gson$Types() {
        throw new UnsupportedOperationException();
    }

    /**
     * Returns a new parameterized type, applying {@code typeArguments} to {@code rawType} and
     * enclosed by {@code ownerType}.
     *
     * @return a {@link java.io.Serializable serializable} parameterized type.
     */
    public static ParameterizedType newParameterizedTypeWithOwner(Type ownerType, Type rawType, Type... typeArguments) {
        return new ParameterizedTypeImpl(ownerType, rawType, typeArguments);
    }

    /**
     * Returns an array type whose elements are all instances of {@code componentType}.
     *
     * @return a {@link java.io.Serializable serializable} generic array type.
     */
    public static GenericArrayType arrayOf(Type componentType) {
        return new GenericArrayTypeImpl(componentType);
    }

    /**
     * Returns a type that represents an unknown type that extends {@code bound}. For example, if
     * {@code bound} is {@code CharSequence.class}, this returns {@code ? extends CharSequence}. If
     * {@code bound} is {@code Object.class}, this returns {@code ?}, which is shorthand for {@code ?
     * extends Object}.
     */
    public static WildcardType subtypeOf(Type bound) {
        Type[] upperBounds;
        if (bound instanceof WildcardType) {
            upperBounds = ((WildcardType) bound).getUpperBounds();
        } else {
            upperBounds = new Type[] { bound };
        }
        return new WildcardTypeImpl(upperBounds, EMPTY_TYPE_ARRAY);
    }

    /**
     * Returns a type that represents an unknown supertype of {@code bound}. For example, if {@code
     * bound} is {@code String.class}, this returns {@code ? super String}.
     */
    public static WildcardType supertypeOf(Type bound) {
        Type[] lowerBounds;
        if (bound instanceof WildcardType) {
            lowerBounds = ((WildcardType) bound).getLowerBounds();
        } else {
            lowerBounds = new Type[] { bound };
        }
        return new WildcardTypeImpl(new Type[] { Object.class }, lowerBounds);
    }

    /**
     * Returns a type that is functionally equal but not necessarily equal according to {@link
     * Object#equals(Object) Object.equals()}. The returned type is {@link java.io.Serializable}.
     */
    public static Type canonicalize(Type type) {
        if (type instanceof Class) {
            Class<?> c = (Class<?>) type;
            return c.isArray() ? new GenericArrayTypeImpl(canonicalize(c.getComponentType())) : c;
        } else if (type instanceof ParameterizedType) {
            ParameterizedType p = (ParameterizedType) type;
            return new ParameterizedTypeImpl(p.getOwnerType(), p.getRawType(), p.getActualTypeArguments());
        } else if (type instanceof GenericArrayType) {
            GenericArrayType g = (GenericArrayType) type;
            return new GenericArrayTypeImpl(g.getGenericComponentType());
        } else if (type instanceof WildcardType) {
            WildcardType w = (WildcardType) type;
            return new WildcardTypeImpl(w.getUpperBounds(), w.getLowerBounds());
        } else {
            // type is either serializable as-is or unsupported
            return type;
        }
    }

    public static Class<?> getRawType(Type type) {
        if (type instanceof Class<?>) {
            // type is a normal class.
            return (Class<?>) type;
        } else if (type instanceof ParameterizedType) {
            ParameterizedType parameterizedType = (ParameterizedType) type;
            // I'm not exactly sure why getRawType() returns Type instead of Class.
            // Neal isn't either but suspects some pathological case related
            // to nested classes exists.
            Type rawType = parameterizedType.getRawType();
            checkArgument(rawType instanceof Class);
            return (Class<?>) rawType;
        } else if (type instanceof GenericArrayType) {
            Type componentType = ((GenericArrayType) type).getGenericComponentType();
            return Array.newInstance(getRawType(componentType), 0).getClass();
        } else if (type instanceof TypeVariable) {
            // we could use the variable's bounds, but that won't work if there are multiple.
            // having a raw type that's more general than necessary is okay
            return Object.class;
        } else if (type instanceof WildcardType) {
            return getRawType(((WildcardType) type).getUpperBounds()[0]);
        } else {
            String className = type == null ? "null" : type.getClass().getName();
            throw new IllegalArgumentException("Expected a Class, ParameterizedType, or " + "GenericArrayType, but <" + type + "> is of type " + className);
        }
    }

    static boolean equal(Object a, Object b) {
        return a == b || (a != null && a.equals(b));
    }

    /**
     * Returns true if {@code a} and {@code b} are equal.
     */
    public static boolean equals(Type a, Type b) {
        if (a == b) {
            // also handles (a == null && b == null)
            return true;
        } else if (a instanceof Class) {
            // Class already specifies equals().
            return a.equals(b);
        } else if (a instanceof ParameterizedType) {
            if (!(b instanceof ParameterizedType)) {
                return false;
            }
            // TODO: save a .clone() call
            ParameterizedType pa = (ParameterizedType) a;
            ParameterizedType pb = (ParameterizedType) b;
            return equal(pa.getOwnerType(), pb.getOwnerType()) && pa.getRawType().equals(pb.getRawType()) && Arrays.equals(pa.getActualTypeArguments(), pb.getActualTypeArguments());
        } else if (a instanceof GenericArrayType) {
            if (!(b instanceof GenericArrayType)) {
                return false;
            }
            GenericArrayType ga = (GenericArrayType) a;
            GenericArrayType gb = (GenericArrayType) b;
            return equals(ga.getGenericComponentType(), gb.getGenericComponentType());
        } else if (a instanceof WildcardType) {
            if (!(b instanceof WildcardType)) {
                return false;
            }
            WildcardType wa = (WildcardType) a;
            WildcardType wb = (WildcardType) b;
            return Arrays.equals(wa.getUpperBounds(), wb.getUpperBounds()) && Arrays.equals(wa.getLowerBounds(), wb.getLowerBounds());
        } else if (a instanceof TypeVariable) {
            if (!(b instanceof TypeVariable)) {
                return false;
            }
            TypeVariable<?> va = (TypeVariable<?>) a;
            TypeVariable<?> vb = (TypeVariable<?>) b;
            return va.getGenericDeclaration() == vb.getGenericDeclaration() && va.getName().equals(vb.getName());
        } else {
            // This isn't a type we support. Could be a generic array type, wildcard type, etc.
            return false;
        }
    }

    static int hashCodeOrZero(Object o) {
        return o != null ? o.hashCode() : 0;
    }

    public static String typeToString(Type type) {
        return type instanceof Class ? ((Class<?>) type).getName() : type.toString();
    }

    /**
     * Returns the generic supertype for {@code supertype}. For example, given a class {@code
     * IntegerSet}, the result for when supertype is {@code Set.class} is {@code Set<Integer>} and the
     * result when the supertype is {@code Collection.class} is {@code Collection<Integer>}.
     */
    static Type getGenericSupertype(Type context, Class<?> rawType, Class<?> toResolve) {
        if (toResolve == rawType) {
            return context;
        }
        // we skip searching through interfaces if unknown is an interface
        if (toResolve.isInterface()) {
            Class<?>[] interfaces = rawType.getInterfaces();
            for (int i = 0, length = interfaces.length; i < length; i++) {
                if (interfaces[i] == toResolve) {
                    return rawType.getGenericInterfaces()[i];
                } else if (toResolve.isAssignableFrom(interfaces[i])) {
                    return getGenericSupertype(rawType.getGenericInterfaces()[i], interfaces[i], toResolve);
                }
            }
        }
        // check our supertypes
        if (!rawType.isInterface()) {
            while (rawType != Object.class) {
                Class<?> rawSupertype = rawType.getSuperclass();
                if (rawSupertype == toResolve) {
                    return rawType.getGenericSuperclass();
                } else if (toResolve.isAssignableFrom(rawSupertype)) {
                    return getGenericSupertype(rawType.getGenericSuperclass(), rawSupertype, toResolve);
                }
                rawType = rawSupertype;
            }
        }
        // we can't resolve this further
        return toResolve;
    }

    /**
     * Returns the generic form of {@code supertype}. For example, if this is {@code
     * ArrayList<String>}, this returns {@code Iterable<String>} given the input {@code
     * Iterable.class}.
     *
     * @param supertype a superclass of, or interface implemented by, this.
     */
    static Type getSupertype(Type context, Class<?> contextRawType, Class<?> supertype) {
        if (context instanceof WildcardType) {
            // wildcards are useless for resolving supertypes. As the upper bound has the same raw type,
            // use it instead
            context = ((WildcardType) context).getUpperBounds()[0];
        }
        checkArgument(supertype.isAssignableFrom(contextRawType));
        return resolve(context, contextRawType, $Gson$Types.getGenericSupertype(context, contextRawType, supertype));
    }

    /**
     * Returns the component type of this array type.
     *
     * @throws ClassCastException if this type is not an array.
     */
    public static Type getArrayComponentType(Type array) {
        return array instanceof GenericArrayType ? ((GenericArrayType) array).getGenericComponentType() : ((Class<?>) array).getComponentType();
    }

    /**
     * Returns the element type of this collection type.
     *
     * @throws IllegalArgumentException if this type is not a collection.
     */
    public static Type getCollectionElementType(Type context, Class<?> contextRawType) {
        Type collectionType = getSupertype(context, contextRawType, Collection.class);
        if (collectionType instanceof WildcardType) {
            collectionType = ((WildcardType) collectionType).getUpperBounds()[0];
        }
        if (collectionType instanceof ParameterizedType) {
            return ((ParameterizedType) collectionType).getActualTypeArguments()[0];
        }
        return Object.class;
    }

    /**
     * Returns a two element array containing this map's key and value types in positions 0 and 1
     * respectively.
     */
    public static Type[] getMapKeyAndValueTypes(Type context, Class<?> contextRawType) {
        /*
     * Work around a problem with the declaration of java.util.Properties. That
     * class should extend Hashtable<String, String>, but it's declared to
     * extend Hashtable<Object, Object>.
     */
        if (context == Properties.class) {
            // TODO: test subclasses of Properties!
            return new Type[] { String.class, String.class };
        }
        Type mapType = getSupertype(context, contextRawType, Map.class);
        // TODO: strip wildcards?
        if (mapType instanceof ParameterizedType) {
            ParameterizedType mapParameterizedType = (ParameterizedType) mapType;
            return mapParameterizedType.getActualTypeArguments();
        }
        return new Type[] { Object.class, Object.class };
    }

    public static Type resolve(Type context, Class<?> contextRawType, Type toResolve) {
        return resolve(context, contextRawType, toResolve, new HashSet<TypeVariable>());
    }

    private static Type resolve(Type context, Class<?> contextRawType, Type toResolve, Collection<TypeVariable> visitedTypeVariables) {
        // this implementation is made a little more complicated in an attempt to avoid object-creation
        while (true) {
            if (toResolve instanceof TypeVariable) {
                TypeVariable<?> typeVariable = (TypeVariable<?>) toResolve;
                if (visitedTypeVariables.contains(typeVariable)) {
                    // cannot reduce due to infinite recursion
                    return toResolve;
                } else {
                    visitedTypeVariables.add(typeVariable);
                }
                toResolve = resolveTypeVariable(context, contextRawType, typeVariable);
                if (toResolve == typeVariable) {
                    return toResolve;
                }
            } else if (toResolve instanceof Class && ((Class<?>) toResolve).isArray()) {
                Class<?> original = (Class<?>) toResolve;
                Type componentType = original.getComponentType();
                Type newComponentType = resolve(context, contextRawType, componentType, visitedTypeVariables);
                return componentType == newComponentType ? original : arrayOf(newComponentType);
            } else if (toResolve instanceof GenericArrayType) {
                GenericArrayType original = (GenericArrayType) toResolve;
                Type componentType = original.getGenericComponentType();
                Type newComponentType = resolve(context, contextRawType, componentType, visitedTypeVariables);
                return componentType == newComponentType ? original : arrayOf(newComponentType);
            } else if (toResolve instanceof ParameterizedType) {
                ParameterizedType original = (ParameterizedType) toResolve;
                Type ownerType = original.getOwnerType();
                Type newOwnerType = resolve(context, contextRawType, ownerType, visitedTypeVariables);
                boolean changed = newOwnerType != ownerType;
                Type[] args = original.getActualTypeArguments();
                for (int t = 0, length = args.length; t < length; t++) {
                    Type resolvedTypeArgument = resolve(context, contextRawType, args[t], visitedTypeVariables);
                    if (resolvedTypeArgument != args[t]) {
                        if (!changed) {
                            args = args.clone();
                            changed = true;
                        }
                        args[t] = resolvedTypeArgument;
                    }
                }
                return changed ? newParameterizedTypeWithOwner(newOwnerType, original.getRawType(), args) : original;
            } else if (toResolve instanceof WildcardType) {
                WildcardType original = (WildcardType) toResolve;
                Type[] originalLowerBound = original.getLowerBounds();
                Type[] originalUpperBound = original.getUpperBounds();
                if (originalLowerBound.length == 1) {
                    Type lowerBound = resolve(context, contextRawType, originalLowerBound[0], visitedTypeVariables);
                    if (lowerBound != originalLowerBound[0]) {
                        return supertypeOf(lowerBound);
                    }
                } else if (originalUpperBound.length == 1) {
                    Type upperBound = resolve(context, contextRawType, originalUpperBound[0], visitedTypeVariables);
                    if (upperBound != originalUpperBound[0]) {
                        return subtypeOf(upperBound);
                    }
                }
                return original;
            } else {
                return toResolve;
            }
        }
    }

    static Type resolveTypeVariable(Type context, Class<?> contextRawType, TypeVariable<?> unknown) {
        Class<?> declaredByRaw = declaringClassOf(unknown);
        // we can't reduce this further
        if (declaredByRaw == null) {
            return unknown;
        }
        Type declaredBy = getGenericSupertype(context, contextRawType, declaredByRaw);
        if (declaredBy instanceof ParameterizedType) {
            int index = indexOf(declaredByRaw.getTypeParameters(), unknown);
            return ((ParameterizedType) declaredBy).getActualTypeArguments()[index];
        }
        return unknown;
    }

    private static int indexOf(Object[] array, Object toFind) {
        for (int i = 0, length = array.length; i < length; i++) {
            if (toFind.equals(array[i])) {
                return i;
            }
        }
        throw new NoSuchElementException();
    }

    /**
     * Returns the declaring class of {@code typeVariable}, or {@code null} if it was not declared by
     * a class.
     */
    private static Class<?> declaringClassOf(TypeVariable<?> typeVariable) {
        GenericDeclaration genericDeclaration = typeVariable.getGenericDeclaration();
        return genericDeclaration instanceof Class ? (Class<?>) genericDeclaration : null;
    }

    static void checkNotPrimitive(Type type) {
        checkArgument(!(type instanceof Class<?>) || !((Class<?>) type).isPrimitive());
    }

    private static final class ParameterizedTypeImpl implements ParameterizedType, Serializable {

        private final Type ownerType;

        private final Type rawType;

        private final Type[] typeArguments;

        public ParameterizedTypeImpl(Type ownerType, Type rawType, Type... typeArguments) {
            // require an owner type if the raw type needs it
            if (rawType instanceof Class<?>) {
                Class<?> rawTypeAsClass = (Class<?>) rawType;
                boolean isStaticOrTopLevelClass = Modifier.isStatic(rawTypeAsClass.getModifiers()) || rawTypeAsClass.getEnclosingClass() == null;
                checkArgument(ownerType != null || isStaticOrTopLevelClass);
            }
            this.ownerType = ownerType == null ? null : canonicalize(ownerType);
            this.rawType = canonicalize(rawType);
            this.typeArguments = typeArguments.clone();
            for (int t = 0, length = this.typeArguments.length; t < length; t++) {
                checkNotNull(this.typeArguments[t]);
                checkNotPrimitive(this.typeArguments[t]);
                this.typeArguments[t] = canonicalize(this.typeArguments[t]);
            }
        }

        public Type[] getActualTypeArguments() {
            return typeArguments.clone();
        }

        public Type getRawType() {
            return rawType;
        }

        public Type getOwnerType() {
            return ownerType;
        }

        @Override
        public boolean equals(Object other) {
            return other instanceof ParameterizedType && $Gson$Types.equals(this, (ParameterizedType) other);
        }

        @Override
        public int hashCode() {
            return Arrays.hashCode(typeArguments) ^ rawType.hashCode() ^ hashCodeOrZero(ownerType);
        }

        @Override
        public String toString() {
            int length = typeArguments.length;
            if (length == 0) {
                return typeToString(rawType);
            }
            StringBuilder stringBuilder = new StringBuilder(30 * (length + 1));
            stringBuilder.append(typeToString(rawType)).append("<").append(typeToString(typeArguments[0]));
            for (int i = 1; i < length; i++) {
                stringBuilder.append(", ").append(typeToString(typeArguments[i]));
            }
            return stringBuilder.append(">").toString();
        }

        private static final long serialVersionUID = 0;
    }

    private static final class GenericArrayTypeImpl implements GenericArrayType, Serializable {

        private final Type componentType;

        public GenericArrayTypeImpl(Type componentType) {
            this.componentType = canonicalize(componentType);
        }

        public Type getGenericComponentType() {
            return componentType;
        }

        @Override
        public boolean equals(Object o) {
            return o instanceof GenericArrayType && $Gson$Types.equals(this, (GenericArrayType) o);
        }

        @Override
        public int hashCode() {
            return componentType.hashCode();
        }

        @Override
        public String toString() {
            return typeToString(componentType) + "[]";
        }

        private static final long serialVersionUID = 0;
    }

    /**
     * The WildcardType interface supports multiple upper bounds and multiple lower bounds. We only
     * support what the Java 6 language needs - at most one bound. If a lower bound is set, the upper
     * bound must be Object.class.
     */
    private static final class WildcardTypeImpl implements WildcardType, Serializable {

        private final Type upperBound;

        private final Type lowerBound;

        public WildcardTypeImpl(Type[] upperBounds, Type[] lowerBounds) {
            checkArgument(lowerBounds.length <= 1);
            checkArgument(upperBounds.length == 1);
            if (lowerBounds.length == 1) {
                checkNotNull(lowerBounds[0]);
                checkNotPrimitive(lowerBounds[0]);
                checkArgument(upperBounds[0] == Object.class);
                this.lowerBound = canonicalize(lowerBounds[0]);
                this.upperBound = Object.class;
            } else {
                checkNotNull(upperBounds[0]);
                checkNotPrimitive(upperBounds[0]);
                this.lowerBound = null;
                this.upperBound = canonicalize(upperBounds[0]);
            }
        }

        public Type[] getUpperBounds() {
            return new Type[] { upperBound };
        }

        public Type[] getLowerBounds() {
            return lowerBound != null ? new Type[] { lowerBound } : EMPTY_TYPE_ARRAY;
        }

        @Override
        public boolean equals(Object other) {
            return other instanceof WildcardType && $Gson$Types.equals(this, (WildcardType) other);
        }

        @Override
        public int hashCode() {
            // this equals Arrays.hashCode(getLowerBounds()) ^ Arrays.hashCode(getUpperBounds());
            return (lowerBound != null ? 31 + lowerBound.hashCode() : 1) ^ (31 + upperBound.hashCode());
        }

        @Override
        public String toString() {
            if (lowerBound != null) {
                return "? super " + typeToString(lowerBound);
            } else if (upperBound == Object.class) {
                return "?";
            } else {
                return "? extends " + typeToString(upperBound);
            }
        }

        private static final long serialVersionUID = 0;
    }
}

If the class is in generated code or otherwise not present in the source, this is expected and this message can be safely ignored. If you do see the class on the source code, please report this bug at: https://github.com/nimakarimipour/NullAwayAnnotator/issues. Thank you!
Finished processing.
Time taken to fix error: 5077 ms
Writing log to file...
Logging ChatGPT token usage...
Calculating run metrics...
Trying to commit changes...
Pushing changes to git...
5 : TOP LEVEL CALL TO FIX ERROR: Type='ASSIGN_FIELD_NULLABLE', message='assigning @Nullable expression to @NonNull field'
/home/vscode/nullness-benchmarks/gson/gson/src/main/java/com/google/gson/internal/$Gson$Types.java:584
        this.lowerBound = null;
Resetting NullAwayCodeFix state.
Could not find class of type: Top-Level with name:  on Cursor:
/**
 * Copyright (C) 2008 Google Inc.
 *
 * <p>Licensed under the Apache License, Version 2.0 (the "License"); you may not use this file
 * except in compliance with the License. You may obtain a copy of the License at
 *
 * <p>http://www.apache.org/licenses/LICENSE-2.0
 *
 * <p>Unless required by applicable law or agreed to in writing, software distributed under the
 * License is distributed on an "AS IS" BASIS, WITHOUT WARRANTIES OR CONDITIONS OF ANY KIND, either
 * express or implied. See the License for the specific language governing permissions and
 * limitations under the License.
 */
package com.google.gson.internal;

import static com.google.gson.internal.$Gson$Preconditions.checkArgument;
import static com.google.gson.internal.$Gson$Preconditions.checkNotNull;
import java.io.Serializable;
import java.lang.reflect.Array;
import java.lang.reflect.GenericArrayType;
import java.lang.reflect.GenericDeclaration;
import java.lang.reflect.Modifier;
import java.lang.reflect.ParameterizedType;
import java.lang.reflect.Type;
import java.lang.reflect.TypeVariable;
import java.lang.reflect.WildcardType;
import java.util.*;

/**
 * Static methods for working with types.
 *
 * @author Bob Lee
 * @author Jesse Wilson
 */
public final class $Gson$Types {

    static final Type[] EMPTY_TYPE_ARRAY = new Type[] {};

    private $Gson$Types() {
        throw new UnsupportedOperationException();
    }

    /**
     * Returns a new parameterized type, applying {@code typeArguments} to {@code rawType} and
     * enclosed by {@code ownerType}.
     *
     * @return a {@link java.io.Serializable serializable} parameterized type.
     */
    public static ParameterizedType newParameterizedTypeWithOwner(Type ownerType, Type rawType, Type... typeArguments) {
        return new ParameterizedTypeImpl(ownerType, rawType, typeArguments);
    }

    /**
     * Returns an array type whose elements are all instances of {@code componentType}.
     *
     * @return a {@link java.io.Serializable serializable} generic array type.
     */
    public static GenericArrayType arrayOf(Type componentType) {
        return new GenericArrayTypeImpl(componentType);
    }

    /**
     * Returns a type that represents an unknown type that extends {@code bound}. For example, if
     * {@code bound} is {@code CharSequence.class}, this returns {@code ? extends CharSequence}. If
     * {@code bound} is {@code Object.class}, this returns {@code ?}, which is shorthand for {@code ?
     * extends Object}.
     */
    public static WildcardType subtypeOf(Type bound) {
        Type[] upperBounds;
        if (bound instanceof WildcardType) {
            upperBounds = ((WildcardType) bound).getUpperBounds();
        } else {
            upperBounds = new Type[] { bound };
        }
        return new WildcardTypeImpl(upperBounds, EMPTY_TYPE_ARRAY);
    }

    /**
     * Returns a type that represents an unknown supertype of {@code bound}. For example, if {@code
     * bound} is {@code String.class}, this returns {@code ? super String}.
     */
    public static WildcardType supertypeOf(Type bound) {
        Type[] lowerBounds;
        if (bound instanceof WildcardType) {
            lowerBounds = ((WildcardType) bound).getLowerBounds();
        } else {
            lowerBounds = new Type[] { bound };
        }
        return new WildcardTypeImpl(new Type[] { Object.class }, lowerBounds);
    }

    /**
     * Returns a type that is functionally equal but not necessarily equal according to {@link
     * Object#equals(Object) Object.equals()}. The returned type is {@link java.io.Serializable}.
     */
    public static Type canonicalize(Type type) {
        if (type instanceof Class) {
            Class<?> c = (Class<?>) type;
            return c.isArray() ? new GenericArrayTypeImpl(canonicalize(c.getComponentType())) : c;
        } else if (type instanceof ParameterizedType) {
            ParameterizedType p = (ParameterizedType) type;
            return new ParameterizedTypeImpl(p.getOwnerType(), p.getRawType(), p.getActualTypeArguments());
        } else if (type instanceof GenericArrayType) {
            GenericArrayType g = (GenericArrayType) type;
            return new GenericArrayTypeImpl(g.getGenericComponentType());
        } else if (type instanceof WildcardType) {
            WildcardType w = (WildcardType) type;
            return new WildcardTypeImpl(w.getUpperBounds(), w.getLowerBounds());
        } else {
            // type is either serializable as-is or unsupported
            return type;
        }
    }

    public static Class<?> getRawType(Type type) {
        if (type instanceof Class<?>) {
            // type is a normal class.
            return (Class<?>) type;
        } else if (type instanceof ParameterizedType) {
            ParameterizedType parameterizedType = (ParameterizedType) type;
            // I'm not exactly sure why getRawType() returns Type instead of Class.
            // Neal isn't either but suspects some pathological case related
            // to nested classes exists.
            Type rawType = parameterizedType.getRawType();
            checkArgument(rawType instanceof Class);
            return (Class<?>) rawType;
        } else if (type instanceof GenericArrayType) {
            Type componentType = ((GenericArrayType) type).getGenericComponentType();
            return Array.newInstance(getRawType(componentType), 0).getClass();
        } else if (type instanceof TypeVariable) {
            // we could use the variable's bounds, but that won't work if there are multiple.
            // having a raw type that's more general than necessary is okay
            return Object.class;
        } else if (type instanceof WildcardType) {
            return getRawType(((WildcardType) type).getUpperBounds()[0]);
        } else {
            String className = type == null ? "null" : type.getClass().getName();
            throw new IllegalArgumentException("Expected a Class, ParameterizedType, or " + "GenericArrayType, but <" + type + "> is of type " + className);
        }
    }

    static boolean equal(Object a, Object b) {
        return a == b || (a != null && a.equals(b));
    }

    /**
     * Returns true if {@code a} and {@code b} are equal.
     */
    public static boolean equals(Type a, Type b) {
        if (a == b) {
            // also handles (a == null && b == null)
            return true;
        } else if (a instanceof Class) {
            // Class already specifies equals().
            return a.equals(b);
        } else if (a instanceof ParameterizedType) {
            if (!(b instanceof ParameterizedType)) {
                return false;
            }
            // TODO: save a .clone() call
            ParameterizedType pa = (ParameterizedType) a;
            ParameterizedType pb = (ParameterizedType) b;
            return equal(pa.getOwnerType(), pb.getOwnerType()) && pa.getRawType().equals(pb.getRawType()) && Arrays.equals(pa.getActualTypeArguments(), pb.getActualTypeArguments());
        } else if (a instanceof GenericArrayType) {
            if (!(b instanceof GenericArrayType)) {
                return false;
            }
            GenericArrayType ga = (GenericArrayType) a;
            GenericArrayType gb = (GenericArrayType) b;
            return equals(ga.getGenericComponentType(), gb.getGenericComponentType());
        } else if (a instanceof WildcardType) {
            if (!(b instanceof WildcardType)) {
                return false;
            }
            WildcardType wa = (WildcardType) a;
            WildcardType wb = (WildcardType) b;
            return Arrays.equals(wa.getUpperBounds(), wb.getUpperBounds()) && Arrays.equals(wa.getLowerBounds(), wb.getLowerBounds());
        } else if (a instanceof TypeVariable) {
            if (!(b instanceof TypeVariable)) {
                return false;
            }
            TypeVariable<?> va = (TypeVariable<?>) a;
            TypeVariable<?> vb = (TypeVariable<?>) b;
            return va.getGenericDeclaration() == vb.getGenericDeclaration() && va.getName().equals(vb.getName());
        } else {
            // This isn't a type we support. Could be a generic array type, wildcard type, etc.
            return false;
        }
    }

    static int hashCodeOrZero(Object o) {
        return o != null ? o.hashCode() : 0;
    }

    public static String typeToString(Type type) {
        return type instanceof Class ? ((Class<?>) type).getName() : type.toString();
    }

    /**
     * Returns the generic supertype for {@code supertype}. For example, given a class {@code
     * IntegerSet}, the result for when supertype is {@code Set.class} is {@code Set<Integer>} and the
     * result when the supertype is {@code Collection.class} is {@code Collection<Integer>}.
     */
    static Type getGenericSupertype(Type context, Class<?> rawType, Class<?> toResolve) {
        if (toResolve == rawType) {
            return context;
        }
        // we skip searching through interfaces if unknown is an interface
        if (toResolve.isInterface()) {
            Class<?>[] interfaces = rawType.getInterfaces();
            for (int i = 0, length = interfaces.length; i < length; i++) {
                if (interfaces[i] == toResolve) {
                    return rawType.getGenericInterfaces()[i];
                } else if (toResolve.isAssignableFrom(interfaces[i])) {
                    return getGenericSupertype(rawType.getGenericInterfaces()[i], interfaces[i], toResolve);
                }
            }
        }
        // check our supertypes
        if (!rawType.isInterface()) {
            while (rawType != Object.class) {
                Class<?> rawSupertype = rawType.getSuperclass();
                if (rawSupertype == toResolve) {
                    return rawType.getGenericSuperclass();
                } else if (toResolve.isAssignableFrom(rawSupertype)) {
                    return getGenericSupertype(rawType.getGenericSuperclass(), rawSupertype, toResolve);
                }
                rawType = rawSupertype;
            }
        }
        // we can't resolve this further
        return toResolve;
    }

    /**
     * Returns the generic form of {@code supertype}. For example, if this is {@code
     * ArrayList<String>}, this returns {@code Iterable<String>} given the input {@code
     * Iterable.class}.
     *
     * @param supertype a superclass of, or interface implemented by, this.
     */
    static Type getSupertype(Type context, Class<?> contextRawType, Class<?> supertype) {
        if (context instanceof WildcardType) {
            // wildcards are useless for resolving supertypes. As the upper bound has the same raw type,
            // use it instead
            context = ((WildcardType) context).getUpperBounds()[0];
        }
        checkArgument(supertype.isAssignableFrom(contextRawType));
        return resolve(context, contextRawType, $Gson$Types.getGenericSupertype(context, contextRawType, supertype));
    }

    /**
     * Returns the component type of this array type.
     *
     * @throws ClassCastException if this type is not an array.
     */
    public static Type getArrayComponentType(Type array) {
        return array instanceof GenericArrayType ? ((GenericArrayType) array).getGenericComponentType() : ((Class<?>) array).getComponentType();
    }

    /**
     * Returns the element type of this collection type.
     *
     * @throws IllegalArgumentException if this type is not a collection.
     */
    public static Type getCollectionElementType(Type context, Class<?> contextRawType) {
        Type collectionType = getSupertype(context, contextRawType, Collection.class);
        if (collectionType instanceof WildcardType) {
            collectionType = ((WildcardType) collectionType).getUpperBounds()[0];
        }
        if (collectionType instanceof ParameterizedType) {
            return ((ParameterizedType) collectionType).getActualTypeArguments()[0];
        }
        return Object.class;
    }

    /**
     * Returns a two element array containing this map's key and value types in positions 0 and 1
     * respectively.
     */
    public static Type[] getMapKeyAndValueTypes(Type context, Class<?> contextRawType) {
        /*
     * Work around a problem with the declaration of java.util.Properties. That
     * class should extend Hashtable<String, String>, but it's declared to
     * extend Hashtable<Object, Object>.
     */
        if (context == Properties.class) {
            // TODO: test subclasses of Properties!
            return new Type[] { String.class, String.class };
        }
        Type mapType = getSupertype(context, contextRawType, Map.class);
        // TODO: strip wildcards?
        if (mapType instanceof ParameterizedType) {
            ParameterizedType mapParameterizedType = (ParameterizedType) mapType;
            return mapParameterizedType.getActualTypeArguments();
        }
        return new Type[] { Object.class, Object.class };
    }

    public static Type resolve(Type context, Class<?> contextRawType, Type toResolve) {
        return resolve(context, contextRawType, toResolve, new HashSet<TypeVariable>());
    }

    private static Type resolve(Type context, Class<?> contextRawType, Type toResolve, Collection<TypeVariable> visitedTypeVariables) {
        // this implementation is made a little more complicated in an attempt to avoid object-creation
        while (true) {
            if (toResolve instanceof TypeVariable) {
                TypeVariable<?> typeVariable = (TypeVariable<?>) toResolve;
                if (visitedTypeVariables.contains(typeVariable)) {
                    // cannot reduce due to infinite recursion
                    return toResolve;
                } else {
                    visitedTypeVariables.add(typeVariable);
                }
                toResolve = resolveTypeVariable(context, contextRawType, typeVariable);
                if (toResolve == typeVariable) {
                    return toResolve;
                }
            } else if (toResolve instanceof Class && ((Class<?>) toResolve).isArray()) {
                Class<?> original = (Class<?>) toResolve;
                Type componentType = original.getComponentType();
                Type newComponentType = resolve(context, contextRawType, componentType, visitedTypeVariables);
                return componentType == newComponentType ? original : arrayOf(newComponentType);
            } else if (toResolve instanceof GenericArrayType) {
                GenericArrayType original = (GenericArrayType) toResolve;
                Type componentType = original.getGenericComponentType();
                Type newComponentType = resolve(context, contextRawType, componentType, visitedTypeVariables);
                return componentType == newComponentType ? original : arrayOf(newComponentType);
            } else if (toResolve instanceof ParameterizedType) {
                ParameterizedType original = (ParameterizedType) toResolve;
                Type ownerType = original.getOwnerType();
                Type newOwnerType = resolve(context, contextRawType, ownerType, visitedTypeVariables);
                boolean changed = newOwnerType != ownerType;
                Type[] args = original.getActualTypeArguments();
                for (int t = 0, length = args.length; t < length; t++) {
                    Type resolvedTypeArgument = resolve(context, contextRawType, args[t], visitedTypeVariables);
                    if (resolvedTypeArgument != args[t]) {
                        if (!changed) {
                            args = args.clone();
                            changed = true;
                        }
                        args[t] = resolvedTypeArgument;
                    }
                }
                return changed ? newParameterizedTypeWithOwner(newOwnerType, original.getRawType(), args) : original;
            } else if (toResolve instanceof WildcardType) {
                WildcardType original = (WildcardType) toResolve;
                Type[] originalLowerBound = original.getLowerBounds();
                Type[] originalUpperBound = original.getUpperBounds();
                if (originalLowerBound.length == 1) {
                    Type lowerBound = resolve(context, contextRawType, originalLowerBound[0], visitedTypeVariables);
                    if (lowerBound != originalLowerBound[0]) {
                        return supertypeOf(lowerBound);
                    }
                } else if (originalUpperBound.length == 1) {
                    Type upperBound = resolve(context, contextRawType, originalUpperBound[0], visitedTypeVariables);
                    if (upperBound != originalUpperBound[0]) {
                        return subtypeOf(upperBound);
                    }
                }
                return original;
            } else {
                return toResolve;
            }
        }
    }

    static Type resolveTypeVariable(Type context, Class<?> contextRawType, TypeVariable<?> unknown) {
        Class<?> declaredByRaw = declaringClassOf(unknown);
        // we can't reduce this further
        if (declaredByRaw == null) {
            return unknown;
        }
        Type declaredBy = getGenericSupertype(context, contextRawType, declaredByRaw);
        if (declaredBy instanceof ParameterizedType) {
            int index = indexOf(declaredByRaw.getTypeParameters(), unknown);
            return ((ParameterizedType) declaredBy).getActualTypeArguments()[index];
        }
        return unknown;
    }

    private static int indexOf(Object[] array, Object toFind) {
        for (int i = 0, length = array.length; i < length; i++) {
            if (toFind.equals(array[i])) {
                return i;
            }
        }
        throw new NoSuchElementException();
    }

    /**
     * Returns the declaring class of {@code typeVariable}, or {@code null} if it was not declared by
     * a class.
     */
    private static Class<?> declaringClassOf(TypeVariable<?> typeVariable) {
        GenericDeclaration genericDeclaration = typeVariable.getGenericDeclaration();
        return genericDeclaration instanceof Class ? (Class<?>) genericDeclaration : null;
    }

    static void checkNotPrimitive(Type type) {
        checkArgument(!(type instanceof Class<?>) || !((Class<?>) type).isPrimitive());
    }

    private static final class ParameterizedTypeImpl implements ParameterizedType, Serializable {

        private final Type ownerType;

        private final Type rawType;

        private final Type[] typeArguments;

        public ParameterizedTypeImpl(Type ownerType, Type rawType, Type... typeArguments) {
            // require an owner type if the raw type needs it
            if (rawType instanceof Class<?>) {
                Class<?> rawTypeAsClass = (Class<?>) rawType;
                boolean isStaticOrTopLevelClass = Modifier.isStatic(rawTypeAsClass.getModifiers()) || rawTypeAsClass.getEnclosingClass() == null;
                checkArgument(ownerType != null || isStaticOrTopLevelClass);
            }
            this.ownerType = ownerType == null ? null : canonicalize(ownerType);
            this.rawType = canonicalize(rawType);
            this.typeArguments = typeArguments.clone();
            for (int t = 0, length = this.typeArguments.length; t < length; t++) {
                checkNotNull(this.typeArguments[t]);
                checkNotPrimitive(this.typeArguments[t]);
                this.typeArguments[t] = canonicalize(this.typeArguments[t]);
            }
        }

        public Type[] getActualTypeArguments() {
            return typeArguments.clone();
        }

        public Type getRawType() {
            return rawType;
        }

        public Type getOwnerType() {
            return ownerType;
        }

        @Override
        public boolean equals(Object other) {
            return other instanceof ParameterizedType && $Gson$Types.equals(this, (ParameterizedType) other);
        }

        @Override
        public int hashCode() {
            return Arrays.hashCode(typeArguments) ^ rawType.hashCode() ^ hashCodeOrZero(ownerType);
        }

        @Override
        public String toString() {
            int length = typeArguments.length;
            if (length == 0) {
                return typeToString(rawType);
            }
            StringBuilder stringBuilder = new StringBuilder(30 * (length + 1));
            stringBuilder.append(typeToString(rawType)).append("<").append(typeToString(typeArguments[0]));
            for (int i = 1; i < length; i++) {
                stringBuilder.append(", ").append(typeToString(typeArguments[i]));
            }
            return stringBuilder.append(">").toString();
        }

        private static final long serialVersionUID = 0;
    }

    private static final class GenericArrayTypeImpl implements GenericArrayType, Serializable {

        private final Type componentType;

        public GenericArrayTypeImpl(Type componentType) {
            this.componentType = canonicalize(componentType);
        }

        public Type getGenericComponentType() {
            return componentType;
        }

        @Override
        public boolean equals(Object o) {
            return o instanceof GenericArrayType && $Gson$Types.equals(this, (GenericArrayType) o);
        }

        @Override
        public int hashCode() {
            return componentType.hashCode();
        }

        @Override
        public String toString() {
            return typeToString(componentType) + "[]";
        }

        private static final long serialVersionUID = 0;
    }

    /**
     * The WildcardType interface supports multiple upper bounds and multiple lower bounds. We only
     * support what the Java 6 language needs - at most one bound. If a lower bound is set, the upper
     * bound must be Object.class.
     */
    private static final class WildcardTypeImpl implements WildcardType, Serializable {

        private final Type upperBound;

        private final Type lowerBound;

        public WildcardTypeImpl(Type[] upperBounds, Type[] lowerBounds) {
            checkArgument(lowerBounds.length <= 1);
            checkArgument(upperBounds.length == 1);
            if (lowerBounds.length == 1) {
                checkNotNull(lowerBounds[0]);
                checkNotPrimitive(lowerBounds[0]);
                checkArgument(upperBounds[0] == Object.class);
                this.lowerBound = canonicalize(lowerBounds[0]);
                this.upperBound = Object.class;
            } else {
                checkNotNull(upperBounds[0]);
                checkNotPrimitive(upperBounds[0]);
                this.lowerBound = null;
                this.upperBound = canonicalize(upperBounds[0]);
            }
        }

        public Type[] getUpperBounds() {
            return new Type[] { upperBound };
        }

        public Type[] getLowerBounds() {
            return lowerBound != null ? new Type[] { lowerBound } : EMPTY_TYPE_ARRAY;
        }

        @Override
        public boolean equals(Object other) {
            return other instanceof WildcardType && $Gson$Types.equals(this, (WildcardType) other);
        }

        @Override
        public int hashCode() {
            // this equals Arrays.hashCode(getLowerBounds()) ^ Arrays.hashCode(getUpperBounds());
            return (lowerBound != null ? 31 + lowerBound.hashCode() : 1) ^ (31 + upperBound.hashCode());
        }

        @Override
        public String toString() {
            if (lowerBound != null) {
                return "? super " + typeToString(lowerBound);
            } else if (upperBound == Object.class) {
                return "?";
            } else {
                return "? extends " + typeToString(upperBound);
            }
        }

        private static final long serialVersionUID = 0;
    }
}

If the class is in generated code or otherwise not present in the source, this is expected and this message can be safely ignored. If you do see the class on the source code, please report this bug at: https://github.com/nimakarimipour/NullAwayAnnotator/issues. Thank you!
Finished processing.
Time taken to fix error: 5025 ms
Writing log to file...
Logging ChatGPT token usage...
Calculating run metrics...
Trying to commit changes...
Pushing changes to git...
6 : TOP LEVEL CALL TO FIX ERROR: Type='ASSIGN_FIELD_NULLABLE', message='assigning @Nullable expression to @NonNull field'
/home/vscode/nullness-benchmarks/gson/gson/src/main/java/com/google/gson/internal/LinkedHashTreeMap.java:119
      e.next = e.prev = null;
Resetting NullAwayCodeFix state.
Sending request to OpenAI...
Response received from OpenAI.
Token usage - Uncached Prompt: 371, Cached Prompt: 0, Completion: 1028, Total: 1399
Cached response
Sending request to OpenAI...
Response received from OpenAI.
Token usage - Uncached Prompt: 538, Cached Prompt: 0, Completion: 149, Total: 687
Cached response
Sending request to OpenAI...
Response received from OpenAI.
Token usage - Uncached Prompt: 854, Cached Prompt: 0, Completion: 482, Total: 1336
Cached response
Sending request to OpenAI...
Response received from OpenAI.
Token usage - Uncached Prompt: 714, Cached Prompt: 0, Completion: 456, Total: 1170
Cached response
Sending request to OpenAI...
Response received from OpenAI.
Token usage - Uncached Prompt: 904, Cached Prompt: 0, Completion: 495, Total: 1399
Cached response
Finished processing.
Time taken to fix error: 33194 ms
Writing log to file...
Logging ChatGPT token usage...
Calculating run metrics...
Running tests...
Trying to commit changes...
Pushing changes to git...
7 : TOP LEVEL CALL TO FIX ERROR: Type='DEREFERENCE_NULLABLE', message='dereferenced expression created is @Nullable'
/home/vscode/nullness-benchmarks/gson/gson/src/main/java/com/google/gson/internal/LinkedHashTreeMap.java:104
    V result = created.value;
Resetting NullAwayCodeFix state.
Sending request to OpenAI...
Response received from OpenAI.
Token usage - Uncached Prompt: 333, Cached Prompt: 0, Completion: 450, Total: 783
Cached response
Sending request to OpenAI...
Response received from OpenAI.
Token usage - Uncached Prompt: 340, Cached Prompt: 0, Completion: 127, Total: 467
Cached response
Finished processing.
Time taken to fix error: 12979 ms
Writing log to file...
Logging ChatGPT token usage...
Calculating run metrics...
Running tests...
Trying to commit changes...
Pushing changes to git...
8 : TOP LEVEL CALL TO FIX ERROR: Type='DEREFERENCE_NULLABLE', message='dereferenced expression left is @Nullable'
/home/vscode/nullness-benchmarks/gson/gson/src/main/java/com/google/gson/internal/LinkedHashTreeMap.java:372
        Node<K, V> leftLeft = left.left;
Resetting NullAwayCodeFix state.
Sending request to OpenAI...
Response received from OpenAI.
Token usage - Uncached Prompt: 811, Cached Prompt: 0, Completion: 319, Total: 1130
Cached response
Sending request to OpenAI...
Response received from OpenAI.
Token usage - Uncached Prompt: 997, Cached Prompt: 0, Completion: 601, Total: 1598
Cached response
Finished processing.
Time taken to fix error: 13528 ms
Writing log to file...
Logging ChatGPT token usage...
Calculating run metrics...
Running tests...
Trying to commit changes...
Pushing changes to git...
9 : TOP LEVEL CALL TO FIX ERROR: Type='DEREFERENCE_NULLABLE', message='dereferenced expression right is @Nullable'
/home/vscode/nullness-benchmarks/gson/gson/src/main/java/com/google/gson/internal/LinkedHashTreeMap.java:354
        Node<K, V> rightLeft = right.left;
Resetting NullAwayCodeFix state.
Sending request to OpenAI...
Response received from OpenAI.
Token usage - Uncached Prompt: 811, Cached Prompt: 0, Completion: 364, Total: 1175
Cached response
Max Depth level: 1
Analyzing at level 1, Scheduling for: 1 builds for: 1 fixes
Processing 100% [====================================] 1/1 (0:00:00 / 0:00:00) 
Max Depth level: 1
Analyzing at level 1, Scheduling for: 1 builds for: 1 fixes
Processing 100% [====================================] 1/1 (0:00:00 / 0:00:00) 
Sending request to OpenAI...
Response received from OpenAI.
Token usage - Uncached Prompt: 3076, Cached Prompt: 0, Completion: 699, Total: 3775
Cached response
Max Depth level: 1
Analyzing at level 1, Scheduling for: 1 builds for: 1 fixes
Processing 100% [====================================] 1/1 (0:00:00 / 0:00:00) 
Sending request to OpenAI...
Response received from OpenAI.
Token usage - Uncached Prompt: 3802, Cached Prompt: 0, Completion: 716, Total: 4518
Cached response
Max Depth level: 1
Analyzing at level 1, Scheduling for: 1 builds for: 1 fixes
Processing 100% [====================================] 1/1 (0:00:00 / 0:00:00) 
Sending request to OpenAI...
Response received from OpenAI.
Token usage - Uncached Prompt: 3829, Cached Prompt: 0, Completion: 742, Total: 4571
Cached response
Max Depth level: 1
Analyzing at level 1, Scheduling for: 1 builds for: 1 fixes
Processing 100% [====================================] 1/1 (0:00:00 / 0:00:00) 
Sending request to OpenAI...
Response received from OpenAI.
Token usage - Uncached Prompt: 3885, Cached Prompt: 0, Completion: 729, Total: 4614
Cached response
Max Depth level: 1
Analyzing at level 1, Scheduling for: 1 builds for: 1 fixes
Processing 100% [====================================] 1/1 (0:00:00 / 0:00:00) 
Sending request to OpenAI...
Response received from OpenAI.
Token usage - Uncached Prompt: 3859, Cached Prompt: 0, Completion: 729, Total: 4588
Cached response
Finished processing.
Time taken to fix error: 75175 ms
Writing log to file...
Logging ChatGPT token usage...
Calculating run metrics...
Running tests...
Trying to commit changes...
Pushing changes to git...
10 : TOP LEVEL CALL TO FIX ERROR: Type='ASSIGN_FIELD_NULLABLE', message='assigning @Nullable expression to @NonNull field'
/home/vscode/nullness-benchmarks/gson/gson/src/main/java/com/google/gson/internal/LinkedHashTreeMap.java:256
      node.next = node.prev = null; // Help the GC (for performance)
Resetting NullAwayCodeFix state.
Retrieving response from cache
Retrieving response from cache
Retrieving response from cache
Retrieving response from cache
Retrieving response from cache
Finished processing.
Time taken to fix error: 5464 ms
Writing log to file...
Logging ChatGPT token usage...
Calculating run metrics...
Running tests...
Trying to commit changes...
Pushing changes to git...
11 : TOP LEVEL CALL TO FIX ERROR: Type='DEREFERENCE_NULLABLE', message='dereferenced expression node.prev is @Nullable'
/home/vscode/nullness-benchmarks/gson/gson/src/main/java/com/google/gson/internal/LinkedHashTreeMap.java:254
      node.prev.next = node.next;
Resetting NullAwayCodeFix state.
Sending request to OpenAI...
Response received from OpenAI.
Token usage - Uncached Prompt: 687, Cached Prompt: 0, Completion: 548, Total: 1235
Cached response
Sending request to OpenAI...
Response received from OpenAI.
Token usage - Uncached Prompt: 877, Cached Prompt: 0, Completion: 466, Total: 1343
Cached response
Finished processing.
Time taken to fix error: 20096 ms
Writing log to file...
Logging ChatGPT token usage...
Calculating run metrics...
Running tests...
Trying to commit changes...
Pushing changes to git...
12 : TOP LEVEL CALL TO FIX ERROR: Type='DEREFERENCE_NULLABLE', message='dereferenced expression pivot is @Nullable'
/home/vscode/nullness-benchmarks/gson/gson/src/main/java/com/google/gson/internal/LinkedHashTreeMap.java:409
    Node<K, V> pivotLeft = pivot.left;
Resetting NullAwayCodeFix state.
Sending request to OpenAI...
Response received from OpenAI.
Token usage - Uncached Prompt: 463, Cached Prompt: 0, Completion: 262, Total: 725
Cached response
Max Depth level: 1
Analyzing at level 1, Scheduling for: 1 builds for: 1 fixes
Processing 100% [====================================] 1/1 (0:00:00 / 0:00:00) 
Max Depth level: 1
Analyzing at level 1, Scheduling for: 1 builds for: 1 fixes
Processing 100% [====================================] 1/1 (0:00:00 / 0:00:00) 
Retrieving response from cache
Max Depth level: 1
Analyzing at level 1, Scheduling for: 1 builds for: 1 fixes
Processing 100% [====================================] 1/1 (0:00:00 / 0:00:00) 
Retrieving response from cache
Max Depth level: 1
Analyzing at level 1, Scheduling for: 1 builds for: 1 fixes
Processing 100% [====================================] 1/1 (0:00:00 / 0:00:00) 
Retrieving response from cache
Max Depth level: 1
Analyzing at level 1, Scheduling for: 1 builds for: 1 fixes
Processing 100% [====================================] 1/1 (0:00:00 / 0:00:00) 
Retrieving response from cache
Max Depth level: 1
Analyzing at level 1, Scheduling for: 1 builds for: 1 fixes
Processing 100% [====================================] 1/1 (0:00:00 / 0:00:00) 
Retrieving response from cache
Finished processing.
Time taken to fix error: 39874 ms
Writing log to file...
Logging ChatGPT token usage...
Calculating run metrics...
Running tests...
Trying to commit changes...
Pushing changes to git...
13 : TOP LEVEL CALL TO FIX ERROR: Type='DEREFERENCE_NULLABLE', message='dereferenced expression pivot is @Nullable'
/home/vscode/nullness-benchmarks/gson/gson/src/main/java/com/google/gson/internal/LinkedHashTreeMap.java:434
    Node<K, V> pivotLeft = pivot.left;
Resetting NullAwayCodeFix state.
Sending request to OpenAI...
Response received from OpenAI.
Token usage - Uncached Prompt: 464, Cached Prompt: 0, Completion: 254, Total: 718
Cached response
Max Depth level: 1
Analyzing at level 1, Scheduling for: 1 builds for: 1 fixes
Processing 100% [====================================] 1/1 (0:00:00 / 0:00:00) 
Max Depth level: 1
Analyzing at level 1, Scheduling for: 1 builds for: 1 fixes
Processing 100% [====================================] 1/1 (0:00:00 / 0:00:00) 
Sending request to OpenAI...
Response received from OpenAI.
Token usage - Uncached Prompt: 3147, Cached Prompt: 0, Completion: 649, Total: 3796
Cached response
Max Depth level: 1
Analyzing at level 1, Scheduling for: 1 builds for: 1 fixes
Processing 100% [====================================] 1/1 (0:00:00 / 0:00:00) 
Sending request to OpenAI...
Response received from OpenAI.
Token usage - Uncached Prompt: 3773, Cached Prompt: 0, Completion: 679, Total: 4452
Cached response
Max Depth level: 1
Analyzing at level 1, Scheduling for: 1 builds for: 1 fixes
Processing 100% [====================================] 1/1 (0:00:00 / 0:00:00) 
Sending request to OpenAI...
Response received from OpenAI.
Token usage - Uncached Prompt: 3826, Cached Prompt: 0, Completion: 680, Total: 4506
Cached response
Max Depth level: 1
Analyzing at level 1, Scheduling for: 1 builds for: 1 fixes
Processing 100% [====================================] 1/1 (0:00:00 / 0:00:00) 
Sending request to OpenAI...
Response received from OpenAI.
Token usage - Uncached Prompt: 3830, Cached Prompt: 0, Completion: 682, Total: 4512
Cached response
Max Depth level: 1
Analyzing at level 1, Scheduling for: 1 builds for: 1 fixes
Processing 100% [====================================] 1/1 (0:00:00 / 0:00:00) 
Sending request to OpenAI...
Response received from OpenAI.
Token usage - Uncached Prompt: 3836, Cached Prompt: 0, Completion: 721, Total: 4557
Cached response
Finished processing.
Time taken to fix error: 76153 ms
Writing log to file...
Logging ChatGPT token usage...
Calculating run metrics...
Running tests...
Trying to commit changes...
Pushing changes to git...
14 : TOP LEVEL CALL TO FIX ERROR: Type='DEREFERENCE_NULLABLE', message='dereferenced expression center is @Nullable'
/home/vscode/nullness-benchmarks/gson/gson/src/main/java/com/google/gson/internal/LinkedHashTreeMap.java:729
          Node<K, V> left = center.parent;
Resetting NullAwayCodeFix state.
Sending request to OpenAI...
Response received from OpenAI.
Token usage - Uncached Prompt: 863, Cached Prompt: 0, Completion: 1076, Total: 1939
Cached response
Max Depth level: 1
Analyzing at level 1, Scheduling for: 1 builds for: 1 fixes
Processing 100% [====================================] 1/1 (0:00:00 / 0:00:00) 
Max Depth level: 1
Analyzing at level 1, Scheduling for: 1 builds for: 1 fixes
Processing 100% [====================================] 1/1 (0:00:00 / 0:00:00) 
Sending request to OpenAI...
Response received from OpenAI.
Token usage - Uncached Prompt: 2038, Cached Prompt: 0, Completion: 93, Total: 2131
Cached response
Max Depth level: 1
Analyzing at level 1, Scheduling for: 1 builds for: 1 fixes
Processing 100% [====================================] 1/1 (0:00:00 / 0:00:00) 
Sending request to OpenAI...
Response received from OpenAI.
Token usage - Uncached Prompt: 2635, Cached Prompt: 0, Completion: 699, Total: 3334
Cached response
Max Depth level: 1
Analyzing at level 1, Scheduling for: 1 builds for: 1 fixes
Processing 100% [====================================] 1/1 (0:00:00 / 0:00:00) 
Sending request to OpenAI...
Response received from OpenAI.
Token usage - Uncached Prompt: 3361, Cached Prompt: 0, Completion: 737, Total: 4098
Cached response
Max Depth level: 1
Analyzing at level 1, Scheduling for: 1 builds for: 1 fixes
Processing 100% [====================================] 1/1 (0:00:00 / 0:00:00) 
Sending request to OpenAI...
Response received from OpenAI.
Token usage - Uncached Prompt: 2813, Cached Prompt: 0, Completion: 143, Total: 2956
Cached response
Max Depth level: 1
Analyzing at level 1, Scheduling for: 1 builds for: 1 fixes
Processing 100% [====================================] 1/1 (0:00:00 / 0:00:00) 
Sending request to OpenAI...
Response received from OpenAI.
Token usage - Uncached Prompt: 3530, Cached Prompt: 0, Completion: 763, Total: 4293
Cached response
Max Depth level: 1
Analyzing at level 1, Scheduling for: 1 builds for: 1 fixes
Processing 100% [====================================] 1/1 (0:00:00 / 0:00:00) 
Sending request to OpenAI...
Response received from OpenAI.
Token usage - Uncached Prompt: 3586, Cached Prompt: 0, Completion: 729, Total: 4315
Cached response
Max Depth level: 1
Analyzing at level 1, Scheduling for: 1 builds for: 1 fixes
Processing 100% [====================================] 1/1 (0:00:00 / 0:00:00) 
Sending request to OpenAI...
Response received from OpenAI.
Token usage - Uncached Prompt: 3518, Cached Prompt: 0, Completion: 733, Total: 4251
Cached response
Finished processing.
Time taken to fix error: 102671 ms
Writing log to file...
Logging ChatGPT token usage...
Calculating run metrics...
Running tests...
Trying to commit changes...
Pushing changes to git...
15 : TOP LEVEL CALL TO FIX ERROR: Type='DEREFERENCE_NULLABLE', message='dereferenced expression center is @Nullable'
/home/vscode/nullness-benchmarks/gson/gson/src/main/java/com/google/gson/internal/LinkedHashTreeMap.java:744
          center.right = right;
Resetting NullAwayCodeFix state.
Sending request to OpenAI...
Response received from OpenAI.
Token usage - Uncached Prompt: 858, Cached Prompt: 0, Completion: 1300, Total: 2158
Cached response
Max Depth level: 1
Analyzing at level 1, Scheduling for: 1 builds for: 1 fixes
Processing 100% [====================================] 1/1 (0:00:00 / 0:00:00) 
Max Depth level: 1
Analyzing at level 1, Scheduling for: 1 builds for: 1 fixes
Processing 100% [====================================] 1/1 (0:00:00 / 0:00:00) 
Retrieving response from cache
Max Depth level: 1
Analyzing at level 1, Scheduling for: 1 builds for: 1 fixes
Processing 100% [====================================] 1/1 (0:00:00 / 0:00:00) 
Retrieving response from cache
Max Depth level: 1
Analyzing at level 1, Scheduling for: 1 builds for: 1 fixes
Processing 100% [====================================] 1/1 (0:00:00 / 0:00:00) 
Retrieving response from cache
Max Depth level: 1
Analyzing at level 1, Scheduling for: 1 builds for: 1 fixes
Processing 100% [====================================] 1/1 (0:00:00 / 0:00:00) 
Retrieving response from cache
Max Depth level: 1
Analyzing at level 1, Scheduling for: 1 builds for: 1 fixes
Processing 100% [====================================] 1/1 (0:00:00 / 0:00:00) 
Retrieving response from cache
Max Depth level: 1
Analyzing at level 1, Scheduling for: 1 builds for: 1 fixes
Processing 100% [====================================] 1/1 (0:00:00 / 0:00:00) 
Retrieving response from cache
Max Depth level: 1
Analyzing at level 1, Scheduling for: 1 builds for: 1 fixes
Processing 100% [====================================] 1/1 (0:00:00 / 0:00:00) 
Retrieving response from cache
Finished processing.
Time taken to fix error: 58874 ms
Writing log to file...
Logging ChatGPT token usage...
Calculating run metrics...
Running tests...
Trying to commit changes...
Pushing changes to git...
16 : TOP LEVEL CALL TO FIX ERROR: Type='DEREFERENCE_NULLABLE', message='dereferenced expression left is @Nullable'
/home/vscode/nullness-benchmarks/gson/gson/src/main/java/com/google/gson/internal/LinkedHashTreeMap.java:730
          center.parent = left.parent;
Resetting NullAwayCodeFix state.
Sending request to OpenAI...
Response received from OpenAI.
Token usage - Uncached Prompt: 859, Cached Prompt: 0, Completion: 1054, Total: 1913
Cached response
Sending request to OpenAI...
Response received from OpenAI.
Token usage - Uncached Prompt: 1045, Cached Prompt: 0, Completion: 640, Total: 1685
Cached response
Finished processing.
Time taken to fix error: 22877 ms
Writing log to file...
Logging ChatGPT token usage...
Calculating run metrics...
Running tests...
Trying to commit changes...
Pushing changes to git...
17 : TOP LEVEL CALL TO FIX ERROR: Type='DEREFERENCE_NULLABLE', message='dereferenced expression right is @Nullable'
/home/vscode/nullness-benchmarks/gson/gson/src/main/java/com/google/gson/internal/LinkedHashTreeMap.java:728
          Node<K, V> center = right.parent;
Resetting NullAwayCodeFix state.
Sending request to OpenAI...
Response received from OpenAI.
Token usage - Uncached Prompt: 863, Cached Prompt: 0, Completion: 1272, Total: 2135
Cached response
Max Depth level: 1
Analyzing at level 1, Scheduling for: 1 builds for: 1 fixes
Processing 100% [====================================] 1/1 (0:00:00 / 0:00:00) 
Max Depth level: 1
Analyzing at level 1, Scheduling for: 1 builds for: 1 fixes
Processing 100% [====================================] 1/1 (0:00:00 / 0:00:00) 
Sending request to OpenAI...
Response received from OpenAI.
Token usage - Uncached Prompt: 463, Cached Prompt: 0, Completion: 93, Total: 556
Cached response
Max Depth level: 1
Analyzing at level 1, Scheduling for: 1 builds for: 1 fixes
Processing 100% [====================================] 1/1 (0:00:00 / 0:00:00) 
Sending request to OpenAI...
Response received from OpenAI.
Token usage - Uncached Prompt: 1060, Cached Prompt: 0, Completion: 684, Total: 1744
Cached response
Max Depth level: 1
Analyzing at level 1, Scheduling for: 1 builds for: 1 fixes
Processing 100% [====================================] 1/1 (0:00:00 / 0:00:00) 
Sending request to OpenAI...
Response received from OpenAI.
Token usage - Uncached Prompt: 1109, Cached Prompt: 0, Completion: 712, Total: 1821
Cached response
Max Depth level: 1
Analyzing at level 1, Scheduling for: 1 builds for: 1 fixes
Processing 100% [====================================] 1/1 (0:00:00 / 0:00:00) 
Sending request to OpenAI...
Response received from OpenAI.
Token usage - Uncached Prompt: 1801, Cached Prompt: 0, Completion: 716, Total: 2517
Cached response
Max Depth level: 1
Analyzing at level 1, Scheduling for: 1 builds for: 1 fixes
Processing 100% [====================================] 1/1 (0:00:00 / 0:00:00) 
Sending request to OpenAI...
Response received from OpenAI.
Token usage - Uncached Prompt: 1817, Cached Prompt: 0, Completion: 738, Total: 2555
Cached response
Max Depth level: 1
Analyzing at level 1, Scheduling for: 1 builds for: 1 fixes
Processing 100% [====================================] 1/1 (0:00:00 / 0:00:00) 
Sending request to OpenAI...
Response received from OpenAI.
Token usage - Uncached Prompt: 1861, Cached Prompt: 0, Completion: 755, Total: 2616
Cached response
Finished processing.
Time taken to fix error: 88519 ms
Writing log to file...
Logging ChatGPT token usage...
Calculating run metrics...
Running tests...
Trying to commit changes...
Pushing changes to git...
18 : TOP LEVEL CALL TO FIX ERROR: Type='DEREFERENCE_NULLABLE', message='dereferenced expression right is @Nullable'
/home/vscode/nullness-benchmarks/gson/gson/src/main/java/com/google/gson/internal/LinkedHashTreeMap.java:741
          Node<K, V> center = right.parent;
Resetting NullAwayCodeFix state.
Retrieving response from cache
Max Depth level: 1
Analyzing at level 1, Scheduling for: 1 builds for: 1 fixes
Processing 100% [====================================] 1/1 (0:00:00 / 0:00:00) 
Max Depth level: 1
Analyzing at level 1, Scheduling for: 1 builds for: 1 fixes
Processing 100% [====================================] 1/1 (0:00:00 / 0:00:00) 
Retrieving response from cache
Max Depth level: 1
Analyzing at level 1, Scheduling for: 1 builds for: 1 fixes
Processing 100% [====================================] 1/1 (0:00:00 / 0:00:00) 
Retrieving response from cache
Max Depth level: 1
Analyzing at level 1, Scheduling for: 1 builds for: 1 fixes
Processing 100% [====================================] 1/1 (0:00:00 / 0:00:00) 
Retrieving response from cache
Max Depth level: 1
Analyzing at level 1, Scheduling for: 1 builds for: 1 fixes
Processing 100% [====================================] 1/1 (0:00:00 / 0:00:00) 
Retrieving response from cache
Max Depth level: 1
Analyzing at level 1, Scheduling for: 1 builds for: 1 fixes
Processing 100% [====================================] 1/1 (0:00:00 / 0:00:00) 
Retrieving response from cache
Max Depth level: 1
Analyzing at level 1, Scheduling for: 1 builds for: 1 fixes
Processing 100% [====================================] 1/1 (0:00:00 / 0:00:00) 
Retrieving response from cache
Finished processing.
Time taken to fix error: 46788 ms
Writing log to file...
Logging ChatGPT token usage...
Calculating run metrics...
Running tests...
Trying to commit changes...
Pushing changes to git...
19 : TOP LEVEL CALL TO FIX ERROR: Type='DEREFERENCE_NULLABLE', message='dereferenced expression stackTop is @Nullable'
/home/vscode/nullness-benchmarks/gson/gson/src/main/java/com/google/gson/internal/LinkedHashTreeMap.java:756
      if (stackTop.parent != null) {
Resetting NullAwayCodeFix state.
Sending request to OpenAI...
Response received from OpenAI.
Token usage - Uncached Prompt: 315, Cached Prompt: 0, Completion: 333, Total: 648
Cached response
Max Depth level: 1
Analyzing at level 1, Scheduling for: 1 builds for: 1 fixes
Processing 100% [====================================] 1/1 (0:00:00 / 0:00:00) 
Max Depth level: 1
Analyzing at level 1, Scheduling for: 1 builds for: 1 fixes
Processing 100% [====================================] 1/1 (0:00:00 / 0:00:00) 
Retrieving response from cache
Max Depth level: 1
Analyzing at level 1, Scheduling for: 1 builds for: 1 fixes
Processing 100% [====================================] 1/1 (0:00:00 / 0:00:00) 
Retrieving response from cache
Max Depth level: 1
Analyzing at level 1, Scheduling for: 1 builds for: 1 fixes
Processing 100% [====================================] 1/1 (0:00:00 / 0:00:00) 
Retrieving response from cache
Max Depth level: 1
Analyzing at level 1, Scheduling for: 1 builds for: 1 fixes
Processing 100% [====================================] 1/1 (0:00:00 / 0:00:00) 
Retrieving response from cache
Max Depth level: 1
Analyzing at level 1, Scheduling for: 1 builds for: 1 fixes
Processing 100% [====================================] 1/1 (0:00:00 / 0:00:00) 
Retrieving response from cache
Max Depth level: 1
Analyzing at level 1, Scheduling for: 1 builds for: 1 fixes
Processing 100% [====================================] 1/1 (0:00:00 / 0:00:00) 
Retrieving response from cache
Finished processing.
Time taken to fix error: 47039 ms
Writing log to file...
Logging ChatGPT token usage...
Calculating run metrics...
Running tests...
Trying to commit changes...
Pushing changes to git...
20 : TOP LEVEL CALL TO FIX ERROR: Type='DEREFERENCE_NULLABLE', message='dereferenced expression prev is @Nullable'
/home/vscode/nullness-benchmarks/gson/gson/src/main/java/com/google/gson/internal/LinkedHashTreeMap.java:496
      prev.next = this;
Resetting NullAwayCodeFix state.
Sending request to OpenAI...
Response received from OpenAI.
Token usage - Uncached Prompt: 345, Cached Prompt: 0, Completion: 345, Total: 690
Cached response
Sending request to OpenAI...
Response received from OpenAI.
Token usage - Uncached Prompt: 1380, Cached Prompt: 0, Completion: 429, Total: 1809
Cached response
Sending request to OpenAI...
Response received from OpenAI.
Token usage - Uncached Prompt: 531, Cached Prompt: 0, Completion: 127, Total: 658
Cached response
Finished processing.
Time taken to fix error: 18246 ms
Writing log to file...
Logging ChatGPT token usage...
Calculating run metrics...
Running tests...
Trying to commit changes...
Pushing changes to git...
21 : TOP LEVEL CALL TO FIX ERROR: Type='DEREFERENCE_NULLABLE', message='dereferenced expression created is @Nullable'
/home/vscode/nullness-benchmarks/gson/gson/src/main/java/com/google/gson/internal/LinkedTreeMap.java:101
    V result = created.value;
Resetting NullAwayCodeFix state.
Retrieving response from cache
Retrieving response from cache
Finished processing.
Time taken to fix error: 5031 ms
Writing log to file...
Logging ChatGPT token usage...
Calculating run metrics...
Running tests...
Trying to commit changes...
Pushing changes to git...
22 : TOP LEVEL CALL TO FIX ERROR: Type='DEREFERENCE_NULLABLE', message='dereferenced expression left is @Nullable'
/home/vscode/nullness-benchmarks/gson/gson/src/main/java/com/google/gson/internal/LinkedTreeMap.java:346
        Node<K, V> leftLeft = left.left;
Resetting NullAwayCodeFix state.
Retrieving response from cache
Retrieving response from cache
Finished processing.
Time taken to fix error: 5263 ms
Writing log to file...
Logging ChatGPT token usage...
Calculating run metrics...
Running tests...
Trying to commit changes...
Pushing changes to git...
23 : TOP LEVEL CALL TO FIX ERROR: Type='DEREFERENCE_NULLABLE', message='dereferenced expression right is @Nullable'
/home/vscode/nullness-benchmarks/gson/gson/src/main/java/com/google/gson/internal/LinkedTreeMap.java:328
        Node<K, V> rightLeft = right.left;
Resetting NullAwayCodeFix state.
Retrieving response from cache
Max Depth level: 1
Analyzing at level 1, Scheduling for: 1 builds for: 1 fixes
Processing 100% [====================================] 1/1 (0:00:00 / 0:00:00) 
Finished processing.
Time taken to fix error: 10286 ms
Writing log to file...
Logging ChatGPT token usage...
Calculating run metrics...
Trying to commit changes...
Pushing changes to git...
24 : TOP LEVEL CALL TO FIX ERROR: Type='DEREFERENCE_NULLABLE', message='dereferenced expression pivot is @Nullable'
/home/vscode/nullness-benchmarks/gson/gson/src/main/java/com/google/gson/internal/LinkedTreeMap.java:383
    Node<K, V> pivotLeft = pivot.left;
Resetting NullAwayCodeFix state.
Retrieving response from cache
Max Depth level: 1
Analyzing at level 1, Scheduling for: 1 builds for: 1 fixes
Processing 100% [====================================] 1/1 (0:00:00 / 0:00:00) 
Finished processing.
Time taken to fix error: 9861 ms
Writing log to file...
Logging ChatGPT token usage...
Calculating run metrics...
Trying to commit changes...
Pushing changes to git...
25 : TOP LEVEL CALL TO FIX ERROR: Type='DEREFERENCE_NULLABLE', message='dereferenced expression pivot is @Nullable'
/home/vscode/nullness-benchmarks/gson/gson/src/main/java/com/google/gson/internal/LinkedTreeMap.java:408
    Node<K, V> pivotLeft = pivot.left;
Resetting NullAwayCodeFix state.
Retrieving response from cache
Max Depth level: 1
Analyzing at level 1, Scheduling for: 1 builds for: 1 fixes
Processing 100% [====================================] 1/1 (0:00:00 / 0:00:00) 
Finished processing.
Time taken to fix error: 9784 ms
Writing log to file...
Logging ChatGPT token usage...
Calculating run metrics...
Trying to commit changes...
Pushing changes to git...
26 : TOP LEVEL CALL TO FIX ERROR: Type='RETURN_NULLABLE', message='returning @Nullable expression from method with @NonNull return type'
/home/vscode/nullness-benchmarks/gson/gson/src/main/java/com/google/gson/internal/Streams.java:44
      return TypeAdapters.JSON_ELEMENT.read(reader);
Resetting NullAwayCodeFix state.
Sending request to OpenAI...
Response received from OpenAI.
Token usage - Uncached Prompt: 449, Cached Prompt: 0, Completion: 591, Total: 1040
Cached response
Finished processing.
Time taken to fix error: 11071 ms
Writing log to file...
Logging ChatGPT token usage...
Calculating run metrics...
Running tests...
Trying to commit changes...
Pushing changes to git...
27 : TOP LEVEL CALL TO FIX ERROR: Type='FIELD_NO_INIT', message='@NonNull field Streams$AppendableWriter$CurrentWrite.chars not initialized'
/home/vscode/nullness-benchmarks/gson/gson/src/main/java/com/google/gson/internal/Streams.java:101
      char[] chars;
Resetting NullAwayCodeFix state.
Sending request to OpenAI...
Response received from OpenAI.
Token usage - Uncached Prompt: 275, Cached Prompt: 0, Completion: 330, Total: 605
Cached response
Sending request to OpenAI...
Response received from OpenAI.
Token usage - Uncached Prompt: 406, Cached Prompt: 0, Completion: 57, Total: 463
Cached response
Sending request to OpenAI...
Response received from OpenAI.
Token usage - Uncached Prompt: 410, Cached Prompt: 0, Completion: 62, Total: 472
Cached response
Sending request to OpenAI...
Response received from OpenAI.
Token usage - Uncached Prompt: 284, Cached Prompt: 0, Completion: 280, Total: 564
Cached response
Sending request to OpenAI...
Response received from OpenAI.
Token usage - Uncached Prompt: 470, Cached Prompt: 0, Completion: 63, Total: 533
Cached response
Finished processing.
Time taken to fix error: 17051 ms
Writing log to file...
Logging ChatGPT token usage...
Calculating run metrics...
Running tests...
Trying to commit changes...
Pushing changes to git...
28 : TOP LEVEL CALL TO FIX ERROR: Type='DEREFERENCE_NULLABLE', message='dereferenced expression JsonReaderInternalAccess.INSTANCE is @Nullable'
/home/vscode/nullness-benchmarks/gson/gson/src/main/java/com/google/gson/internal/bind/MapTypeAdapterFactory.java:202
          JsonReaderInternalAccess.INSTANCE.promoteNameToValue(in);
Resetting NullAwayCodeFix state.
Sending request to OpenAI...
Response received from OpenAI.
Token usage - Uncached Prompt: 535, Cached Prompt: 0, Completion: 581, Total: 1116
Cached response
Sending request to OpenAI...
Response received from OpenAI.
Token usage - Uncached Prompt: 543, Cached Prompt: 0, Completion: 322, Total: 865
Cached response
Finished processing.
Time taken to fix error: 15682 ms
Writing log to file...
Logging ChatGPT token usage...
Calculating run metrics...
Running tests...
Trying to commit changes...
Pushing changes to git...
29 : TOP LEVEL CALL TO FIX ERROR: Type='DEREFERENCE_NULLABLE', message='dereferenced expression hierarchyType is @Nullable'
/home/vscode/nullness-benchmarks/gson/gson/src/main/java/com/google/gson/internal/bind/TreeTypeAdapter.java:148
              : hierarchyType.isAssignableFrom(type.getRawType());
Resetting NullAwayCodeFix state.
Sending request to OpenAI...
Response received from OpenAI.
Token usage - Uncached Prompt: 398, Cached Prompt: 0, Completion: 544, Total: 942
Cached response
Sending request to OpenAI...
Response received from OpenAI.
Token usage - Uncached Prompt: 406, Cached Prompt: 0, Completion: 178, Total: 584
Cached response
Finished processing.
Time taken to fix error: 13186 ms
Writing log to file...
Logging ChatGPT token usage...
Calculating run metrics...
Running tests...
Trying to commit changes...
Pushing changes to git...
30 : TOP LEVEL CALL TO FIX ERROR: Type='DEREFERENCE_NULLABLE', message='dereferenced expression unsafeClass is @Nullable'
/home/vscode/nullness-benchmarks/gson/gson/src/main/java/com/google/gson/internal/reflect/UnsafeReflectionAccessor.java:60
        Method method = unsafeClass.getMethod("objectFieldOffset", Field.class);
Resetting NullAwayCodeFix state.
Sending request to OpenAI...
Response received from OpenAI.
Token usage - Uncached Prompt: 432, Cached Prompt: 0, Completion: 240, Total: 672
Cached response
Max Depth level: 1
Analyzing at level 1, Scheduling for: 1 builds for: 1 fixes
Processing 100% [====================================] 1/1 (0:00:00 / 0:00:00) 
Max Depth level: 1
Analyzing at level 1, Scheduling for: 1 builds for: 1 fixes
Processing 100% [====================================] 1/1 (0:00:00 / 0:00:00) 
Sending request to OpenAI...
Response received from OpenAI.
Token usage - Uncached Prompt: 566, Cached Prompt: 0, Completion: 202, Total: 768
Cached response
Finished processing.
Time taken to fix error: 22616 ms
Writing log to file...
Logging ChatGPT token usage...
Calculating run metrics...
Running tests...
Trying to commit changes...
Pushing changes to git...
31 : TOP LEVEL CALL TO FIX ERROR: Type='PASS_NULLABLE', message='passing @Nullable parameter 'null' where @NonNull is required'
/home/vscode/nullness-benchmarks/gson/gson/src/main/java/com/google/gson/reflect/TypeToken.java:294
        $Gson$Types.newParameterizedTypeWithOwner(null, rawType, typeArguments));
Resetting NullAwayCodeFix state.
Sending request to OpenAI...
Response received from OpenAI.
Token usage - Uncached Prompt: 509, Cached Prompt: 0, Completion: 91, Total: 600
Cached response
Finished processing.
Time taken to fix error: 6215 ms
Writing log to file...
Logging ChatGPT token usage...
Calculating run metrics...
Running tests...
Trying to commit changes...
Pushing changes to git...
32 : TOP LEVEL CALL TO FIX ERROR: Type='RETURN_NULLABLE', message='returning @Nullable expression from method with @NonNull return type'
/home/vscode/nullness-benchmarks/gson/gson/src/main/java/com/google/gson/stream/JsonReader.java:828
    return result;
Resetting NullAwayCodeFix state.
Sending request to OpenAI...
Response received from OpenAI.
Token usage - Uncached Prompt: 510, Cached Prompt: 0, Completion: 574, Total: 1084
Cached response
Max Depth level: 1
Analyzing at level 1, Scheduling for: 2 builds for: 4 fixes
Processing  50% [==================>                 ] 1/2 (0:00:00 / 0:00:00) Processing 100% [====================================] 2/2 (0:00:05 / 0:00:00) 
Sending request to OpenAI...
Response received from OpenAI.
Token usage - Uncached Prompt: 554, Cached Prompt: 0, Completion: 142, Total: 696
Cached response
Sending request to OpenAI...
Response received from OpenAI.
Token usage - Uncached Prompt: 355, Cached Prompt: 0, Completion: 305, Total: 660
Cached response
Sending request to OpenAI...
Response received from OpenAI.
Token usage - Uncached Prompt: 542, Cached Prompt: 0, Completion: 133, Total: 675
Cached response
Sending request to OpenAI...
Response received from OpenAI.
Token usage - Uncached Prompt: 541, Cached Prompt: 0, Completion: 134, Total: 675
Cached response
Max Depth level: 1
Analyzing at level 1, Scheduling for: 1 builds for: 1 fixes
Processing 100% [====================================] 1/1 (0:00:00 / 0:00:00) 
Sending request to OpenAI...
Response received from OpenAI.
Token usage - Uncached Prompt: 495, Cached Prompt: 0, Completion: 67, Total: 562
Cached response
Sending request to OpenAI...
Response received from OpenAI.
Token usage - Uncached Prompt: 460, Cached Prompt: 0, Completion: 119, Total: 579
Cached response
Sending request to OpenAI...
Response received from OpenAI.
Token usage - Uncached Prompt: 482, Cached Prompt: 0, Completion: 71, Total: 553
Cached response
Sending request to OpenAI...
Response received from OpenAI.
Token usage - Uncached Prompt: 676, Cached Prompt: 0, Completion: 257, Total: 933
Cached response
Sending request to OpenAI...
Response received from OpenAI.
Token usage - Uncached Prompt: 552, Cached Prompt: 0, Completion: 140, Total: 692
Cached response
Sending request to OpenAI...
Response received from OpenAI.
Token usage - Uncached Prompt: 555, Cached Prompt: 0, Completion: 148, Total: 703
Cached response
Finished processing.
Time taken to fix error: 44817 ms
Writing log to file...
Logging ChatGPT token usage...
Calculating run metrics...
Running tests...
Trying to commit changes...
Pushing changes to git...

Finished annotating.
Pushing changes to branch nimak/agentic-advanced-2...
